-- MySQL dump 10.13  Distrib 9.6.0, for macos26.2 (arm64)
--
-- Host: localhost    Database: ronjoo_safaris
-- ------------------------------------------------------
-- Server version	9.6.0

/*!40101 SET @OLD_CHARACTER_SET_CLIENT=@@CHARACTER_SET_CLIENT */;
/*!40101 SET @OLD_CHARACTER_SET_RESULTS=@@CHARACTER_SET_RESULTS */;
/*!40101 SET @OLD_COLLATION_CONNECTION=@@COLLATION_CONNECTION */;
/*!50503 SET NAMES utf8mb4 */;
/*!40103 SET @OLD_TIME_ZONE=@@TIME_ZONE */;
/*!40103 SET TIME_ZONE='+00:00' */;
/*!40014 SET @OLD_UNIQUE_CHECKS=@@UNIQUE_CHECKS, UNIQUE_CHECKS=0 */;
/*!40014 SET @OLD_FOREIGN_KEY_CHECKS=@@FOREIGN_KEY_CHECKS, FOREIGN_KEY_CHECKS=0 */;
/*!40101 SET @OLD_SQL_MODE=@@SQL_MODE, SQL_MODE='NO_AUTO_VALUE_ON_ZERO' */;
/*!40111 SET @OLD_SQL_NOTES=@@SQL_NOTES, SQL_NOTES=0 */;
SET @MYSQLDUMP_TEMP_LOG_BIN = @@SESSION.SQL_LOG_BIN;
SET @@SESSION.SQL_LOG_BIN= 0;

--
-- GTID state at the beginning of the backup 
--

SET @@GLOBAL.GTID_PURGED=/*!80000 '+'*/ 'c4ed345e-1d05-11f1-b0ec-6d813db0bc9b:1-54410';

--
-- Table structure for table `accommodation_destination`
--

DROP TABLE IF EXISTS `accommodation_destination`;
/*!40101 SET @saved_cs_client     = @@character_set_client */;
/*!50503 SET character_set_client = utf8mb4 */;
CREATE TABLE `accommodation_destination` (
  `id` bigint unsigned NOT NULL AUTO_INCREMENT,
  `accommodation_id` bigint unsigned NOT NULL,
  `destination_id` bigint unsigned NOT NULL,
  `sort_order` int NOT NULL DEFAULT '0',
  `created_at` timestamp NULL DEFAULT NULL,
  `updated_at` timestamp NULL DEFAULT NULL,
  PRIMARY KEY (`id`),
  UNIQUE KEY `accommodation_destination_accommodation_id_destination_id_unique` (`accommodation_id`,`destination_id`),
  KEY `accommodation_destination_destination_id_foreign` (`destination_id`),
  CONSTRAINT `accommodation_destination_accommodation_id_foreign` FOREIGN KEY (`accommodation_id`) REFERENCES `accommodations` (`id`) ON DELETE CASCADE,
  CONSTRAINT `accommodation_destination_destination_id_foreign` FOREIGN KEY (`destination_id`) REFERENCES `destinations` (`id`) ON DELETE CASCADE
) ENGINE=InnoDB AUTO_INCREMENT=31 DEFAULT CHARSET=utf8mb4 COLLATE=utf8mb4_unicode_ci;
/*!40101 SET character_set_client = @saved_cs_client */;

--
-- Dumping data for table `accommodation_destination`
--

LOCK TABLES `accommodation_destination` WRITE;
/*!40000 ALTER TABLE `accommodation_destination` DISABLE KEYS */;
INSERT INTO `accommodation_destination` VALUES (1,1,11,0,'2026-04-07 09:04:54','2026-04-07 09:47:08'),(2,2,11,1,'2026-04-07 09:04:54','2026-04-07 09:47:08'),(3,3,11,2,'2026-04-07 09:04:54','2026-04-07 09:47:08'),(4,4,12,0,'2026-04-07 09:04:54','2026-04-07 09:44:09'),(5,5,12,1,'2026-04-07 09:04:54','2026-04-07 09:44:09'),(6,6,12,2,'2026-04-07 09:04:54','2026-04-07 09:44:09'),(7,7,13,0,'2026-04-07 09:04:54','2026-04-07 09:52:18'),(8,8,13,1,'2026-04-07 09:04:54','2026-04-07 09:52:18'),(9,9,13,2,'2026-04-07 09:04:54','2026-04-07 09:52:18'),(10,10,15,0,'2026-04-07 09:04:54','2026-04-07 09:39:09'),(11,11,15,1,'2026-04-07 09:04:54','2026-04-07 09:39:09'),(12,12,15,2,'2026-04-07 09:04:54','2026-04-07 09:39:09'),(13,13,16,0,'2026-04-07 09:04:54','2026-04-07 09:41:16'),(14,14,16,1,'2026-04-07 09:04:54','2026-04-07 09:41:16'),(15,15,16,2,'2026-04-07 09:04:54','2026-04-07 09:41:16'),(16,16,17,0,'2026-04-07 09:04:54','2026-04-07 09:59:41'),(17,17,17,1,'2026-04-07 09:04:54','2026-04-07 09:59:41'),(18,18,17,2,'2026-04-07 09:04:54','2026-04-07 09:59:41'),(19,19,18,0,'2026-04-07 09:04:54','2026-04-07 09:57:04'),(20,20,18,1,'2026-04-07 09:04:54','2026-04-07 09:57:04'),(21,21,18,2,'2026-04-07 09:04:54','2026-04-07 09:57:04'),(22,22,19,0,'2026-04-07 09:04:54','2026-04-07 10:03:22'),(23,23,19,1,'2026-04-07 09:04:54','2026-04-07 10:03:22'),(24,24,19,2,'2026-04-07 09:04:54','2026-04-07 10:03:22'),(25,25,20,0,'2026-04-07 09:04:54','2026-04-07 09:54:43'),(26,26,20,1,'2026-04-07 09:04:54','2026-04-07 09:54:43'),(27,27,20,2,'2026-04-07 09:04:54','2026-04-07 09:54:43'),(28,28,14,0,'2026-04-07 09:04:54','2026-04-07 09:31:14'),(29,29,14,1,'2026-04-07 09:04:54','2026-04-07 09:31:14'),(30,30,14,2,'2026-04-07 09:04:54','2026-04-07 09:31:14');
/*!40000 ALTER TABLE `accommodation_destination` ENABLE KEYS */;
UNLOCK TABLES;

--
-- Table structure for table `accommodation_safari`
--

DROP TABLE IF EXISTS `accommodation_safari`;
/*!40101 SET @saved_cs_client     = @@character_set_client */;
/*!50503 SET character_set_client = utf8mb4 */;
CREATE TABLE `accommodation_safari` (
  `id` bigint unsigned NOT NULL AUTO_INCREMENT,
  `accommodation_id` bigint unsigned NOT NULL,
  `safari_id` bigint unsigned NOT NULL,
  `nights` int NOT NULL DEFAULT '1',
  `sort_order` int NOT NULL DEFAULT '0',
  `created_at` timestamp NULL DEFAULT NULL,
  `updated_at` timestamp NULL DEFAULT NULL,
  PRIMARY KEY (`id`),
  UNIQUE KEY `accommodation_safari_accommodation_id_safari_id_unique` (`accommodation_id`,`safari_id`),
  KEY `accommodation_safari_safari_id_foreign` (`safari_id`),
  CONSTRAINT `accommodation_safari_accommodation_id_foreign` FOREIGN KEY (`accommodation_id`) REFERENCES `accommodations` (`id`) ON DELETE CASCADE,
  CONSTRAINT `accommodation_safari_safari_id_foreign` FOREIGN KEY (`safari_id`) REFERENCES `safaris` (`id`) ON DELETE CASCADE
) ENGINE=InnoDB AUTO_INCREMENT=25 DEFAULT CHARSET=utf8mb4 COLLATE=utf8mb4_unicode_ci;
/*!40101 SET character_set_client = @saved_cs_client */;

--
-- Dumping data for table `accommodation_safari`
--

LOCK TABLES `accommodation_safari` WRITE;
/*!40000 ALTER TABLE `accommodation_safari` DISABLE KEYS */;
INSERT INTO `accommodation_safari` VALUES (1,2,67,2,0,'2026-04-07 09:04:54','2026-04-07 11:11:52'),(3,6,69,1,0,'2026-04-07 09:04:54','2026-04-07 11:14:55'),(4,6,72,1,3,'2026-04-07 09:04:54','2026-04-07 11:01:51'),(5,17,74,3,0,'2026-04-07 09:04:54','2026-04-07 11:08:13'),(6,28,66,1,0,'2026-04-07 09:04:54','2026-04-07 11:17:50'),(7,31,66,1,1,'2026-04-07 09:04:54','2026-04-07 11:17:50'),(8,32,66,2,2,'2026-04-07 09:04:54','2026-04-07 11:17:50'),(9,33,67,1,1,'2026-04-07 09:04:54','2026-04-07 11:11:52'),(10,34,67,1,2,'2026-04-07 09:04:54','2026-04-07 11:11:52'),(11,35,68,1,0,'2026-04-07 09:04:54','2026-04-07 11:13:11'),(12,35,72,2,4,'2026-04-07 09:04:54','2026-04-07 11:01:51'),(13,36,68,1,1,'2026-04-07 09:04:54','2026-04-07 11:13:11'),(14,37,70,3,0,'2026-04-07 09:04:54','2026-04-07 11:00:07'),(15,38,70,2,1,'2026-04-07 09:04:54','2026-04-07 11:00:07'),(16,39,70,1,2,'2026-04-07 09:04:54','2026-04-07 11:00:07'),(17,40,71,3,0,'2026-04-07 09:04:54','2026-04-07 11:04:00'),(18,41,72,2,0,'2026-04-07 09:04:54','2026-04-07 11:01:51'),(19,42,72,2,1,'2026-04-07 09:04:54','2026-04-07 11:01:51'),(20,43,72,7,2,'2026-04-07 09:04:54','2026-04-07 11:01:51'),(21,44,73,3,0,'2026-04-07 09:04:54','2026-04-07 11:10:12'),(22,45,75,2,0,'2026-04-07 09:04:54','2026-04-07 11:06:22'),(24,4,66,1,3,'2026-04-07 09:27:19','2026-04-07 11:17:50');
/*!40000 ALTER TABLE `accommodation_safari` ENABLE KEYS */;
UNLOCK TABLES;

--
-- Table structure for table `accommodations`
--

DROP TABLE IF EXISTS `accommodations`;
/*!40101 SET @saved_cs_client     = @@character_set_client */;
/*!50503 SET character_set_client = utf8mb4 */;
CREATE TABLE `accommodations` (
  `id` bigint unsigned NOT NULL AUTO_INCREMENT,
  `name` varchar(255) COLLATE utf8mb4_unicode_ci NOT NULL,
  `slug` varchar(255) COLLATE utf8mb4_unicode_ci NOT NULL,
  `location` varchar(255) COLLATE utf8mb4_unicode_ci DEFAULT NULL,
  `tier` varchar(255) COLLATE utf8mb4_unicode_ci NOT NULL DEFAULT 'Standard',
  `stars` int DEFAULT NULL,
  `description` text COLLATE utf8mb4_unicode_ci,
  `image` varchar(255) COLLATE utf8mb4_unicode_ci DEFAULT NULL,
  `website` varchar(255) COLLATE utf8mb4_unicode_ci DEFAULT NULL,
  `amenities` json DEFAULT NULL,
  `created_at` timestamp NULL DEFAULT NULL,
  `updated_at` timestamp NULL DEFAULT NULL,
  PRIMARY KEY (`id`),
  UNIQUE KEY `accommodations_name_unique` (`name`),
  UNIQUE KEY `accommodations_slug_unique` (`slug`)
) ENGINE=InnoDB AUTO_INCREMENT=46 DEFAULT CHARSET=utf8mb4 COLLATE=utf8mb4_unicode_ci;
/*!40101 SET character_set_client = @saved_cs_client */;

--
-- Dumping data for table `accommodations`
--

LOCK TABLES `accommodations` WRITE;
/*!40000 ALTER TABLE `accommodations` DISABLE KEYS */;
INSERT INTO `accommodations` VALUES (1,'Four Seasons Safari Lodge','four-seasons-safari-lodge',NULL,'Premium',NULL,NULL,'http://localhost:8000/storage/accommodations/6ZyiXfGQlSuQ51yAeCnejAlo98Na73fVx2rxqImG.jpg','https://www.fourseasons.com/serengeti/','[]','2026-04-07 09:04:54','2026-04-07 10:11:18'),(2,'Serengeti Explorer','serengeti-explorer',NULL,'Superior',4,NULL,'http://localhost:8000/storage/accommodations/Oht5CaiaZJ48pq1vX4GaDV4k05qxs5WgncWGthXb.webp','https://explorer.africa/','[]','2026-04-07 09:04:54','2026-04-07 10:41:53'),(3,'Lake Magadi Lodge','lake-magadi-lodge',NULL,'Standard',NULL,NULL,'http://localhost:8000/storage/accommodations/AA94zdTlOax2maMLQABWa6mV5ybwNuhtTRyDkDJq.jpg','https://wellworthcollection.co.tz/serengeti-lake-magadi-gallery/','[]','2026-04-07 09:04:54','2026-04-07 10:18:30'),(4,'Melia Lodge Ngorongoro','melia-lodge-ngorongoro',NULL,'Premium',5,NULL,'http://localhost:8000/storage/accommodations/alTCkvgqkze9eC6mDVcneX2snXejIJyjffhCs33M.webp','https://www.melia.com/en/hotels/tanzania/ngorongoro-conservation-area/ngorongoro-lodge-melia-collection','[]','2026-04-07 09:04:54','2026-04-07 10:24:30'),(5,'The Manor at Karatu','the-manor-at-karatu',NULL,'Superior',NULL,NULL,'http://localhost:8000/storage/accommodations/bJ26sDfoQ0sEbBVlLlfg3qpWZNMZws2PLpjdejyx.jpg','The Manor at Karatu','[]','2026-04-07 09:04:54','2026-04-07 10:46:19'),(6,'Neptune Lodge Karatu','neptune-lodge-karatu',NULL,'Standard',4,NULL,'http://localhost:8000/storage/accommodations/gWCYTLU6LZbz9FJWLJAKED09IjFDRjyitoHWQWys.webp','https://www.neptunehotels.com/neptune-ngorongoro-luxury-lodge/','[]','2026-04-07 09:04:54','2026-04-07 10:30:07'),(7,'Tarangire Treetops','tarangire-treetops',NULL,'Premium',NULL,NULL,'http://localhost:8000/storage/accommodations/my5hGymYpjbzcettgBcTqNvvMybf0VMTKdQkniPF.webp','https://www.elewanacollection.com/tarangire-treetops/at-a-glance','[]','2026-04-07 09:04:54','2026-04-07 10:45:40'),(8,'Kilimamoja Lodge','kilimamoja-lodge',NULL,'Superior',NULL,NULL,'http://localhost:8000/storage/accommodations/SCpopS1DshGeLbBiYkMkeBoy6ix1OWSIjYnIN8ac.webp','https://wellworthcollection.co.tz/lake-manyara-kilimamoja/','[]','2026-04-07 09:04:54','2026-04-07 10:14:55'),(9,'Tarangire Safari Lodge','tarangire-safari-lodge',NULL,'Standard',NULL,NULL,'http://localhost:8000/storage/accommodations/aA6lmUVhVuf7DEdXpQxfI9dUA0wOqRKYkTmhERMw.webp','https://www.tarangiresafarilodge.com/','[]','2026-04-07 09:04:54','2026-04-07 10:44:05'),(10,'andBeyond Lake Manyara Camp','andbeyond-lake-manyara-camp',NULL,'Premium',NULL,NULL,'http://localhost:8000/storage/accommodations/60gGEHV3SjyV21zR1138iRL8LiuPLeG6AaXzGmE1.jpg','https://www.andbeyond.com/our-lodges/africa/tanzania/lake-manyara-national-park/andbeyond-lake-manyara-tree-lodge/','[]','2026-04-07 09:04:54','2026-04-07 10:05:54'),(11,'Manyara Serena Safari Lodge','manyara-serena-safari-lodge',NULL,'Superior',NULL,NULL,'http://localhost:8000/storage/accommodations/C8DGNmL7UDaJsKNCJn7BDmEMfXI1xFCUWTRjX4bl.webp','https://www.serenahotels.com/lake-manyara?srsltid=AfmBOoqKqeSe3I6yBk75eCmzix2U5tobKmIdO3k7uAaAG4empX-a_X9M','[]','2026-04-07 09:04:54','2026-04-07 10:21:45'),(12,'Lake Manyara Wildlife Lodge','lake-manyara-wildlife-lodge',NULL,'Standard',NULL,NULL,'http://localhost:8000/storage/accommodations/7CbciyBrFjIcSyjjPT9pvaJ8BpYnHKHTFGCTnLxV.jpg','https://www.hotelsandlodges-tanzania.com/lake-manyara-wildlife-lodge/','[]','2026-04-07 09:04:54','2026-04-07 10:19:39'),(13,'Kilimanjaro Wonders Hotel','kilimanjaro-wonders-hotel',NULL,'Premium',NULL,NULL,'http://localhost:8000/storage/accommodations/hxNbGog5hj6YwppSSwpmS7BUsU7XaJBpZOrfEmkl.webp','https://kiliwonders.com/','[]','2026-04-07 09:04:54','2026-04-07 10:17:54'),(14,'Pink Flamingo Boutique','pink-flamingo-boutique',NULL,'Superior',NULL,NULL,'http://localhost:8000/storage/accommodations/sQgOkv01uYNfrtBm3qanxPwLCZt8sp5B75HOX9Y6.webp','https://pinkflamingotanzania.com/','[]','2026-04-07 09:04:54','2026-04-07 10:35:31'),(15,'Kaliwa Lodge','kaliwa-lodge',NULL,'Standard',NULL,NULL,'http://localhost:8000/storage/accommodations/kGOWmR67jwGljOw55sy27OUkzxc1rpc7TQTUTkqS.webp','https://www.kaliwalodge.com/','[]','2026-04-07 09:04:54','2026-04-07 10:14:00'),(16,'Jabali Ridge','jabali-ridge',NULL,'Premium',NULL,NULL,'http://localhost:8000/storage/accommodations/kpxBXpYQaBdNLhVgTPwjUtXQXffVpQEqkUb0LTH3.webp','https://www.asiliaafrica.com/camps-lodges/jabali-ridge/','[]','2026-04-07 09:04:54','2026-04-07 10:13:04'),(17,'Ruaha River Lodge','ruaha-river-lodge',NULL,'Superior',4,NULL,'http://localhost:8000/storage/accommodations/KMNct0ykth5bJiaTltc9HT8ZcNmhoJLomylaGLEb.jpg','https://www.ruahariverlodge.com/','[]','2026-04-07 09:04:54','2026-04-07 10:37:12'),(18,'Mdonya Old River Camp','mdonya-old-river-camp',NULL,'Standard',NULL,NULL,'http://localhost:8000/storage/accommodations/s2WoBSiEIry4uKfNF4hHTnZBUxcEDjSITiinsjBQ.jpg','https://hat-tz.org/hat-member/mdonya-old-river-camp/','[]','2026-04-07 09:04:54','2026-04-07 10:23:13'),(19,'Roho ya Selous','roho-ya-selous',NULL,'Premium',NULL,NULL,'http://localhost:8000/storage/accommodations/65Ul3CcDNq7pcgMBIAruUdPu9phfpOgxfQaHlOSB.jpg','https://www.asiliaafrica.com/camps-lodges/roho-ya-selous/','[]','2026-04-07 09:04:54','2026-04-07 10:36:25'),(20,'Sand Rivers Selous','sand-rivers-selous',NULL,'Superior',NULL,NULL,'http://localhost:8000/storage/accommodations/77to3ciEKSxaFrBj2a82XnSqESYBEQujzCPxxJls.webp','https://www.nomad-tanzania.com/camps/southern-tanzania/nyerere-national-park/sand-rivers','[]','2026-04-07 09:04:54','2026-04-07 10:39:13'),(21,'Rufiji River Camp','rufiji-river-camp',NULL,'Standard',NULL,NULL,'http://localhost:8000/storage/accommodations/GFYumSRKhuVE7SihkISM4DYKHHkf59MXpiLU0AnO.webp','https://www.rufijirivercamp.com/','[]','2026-04-07 09:04:54','2026-04-07 10:38:14'),(22,'The Residence Zanzibar','the-residence-zanzibar',NULL,'Premium',NULL,NULL,'http://localhost:8000/storage/accommodations/wpGpcwkUNUcdBG1luMFkQ7QUQ4EE9jQQW7v3T6kX.webp','https://www.cenizaro.com/theresidence/zanzibar','[]','2026-04-07 09:04:54','2026-04-07 10:47:43'),(23,'Zuri Zanzibar','zuri-zanzibar',NULL,'Superior',NULL,NULL,'http://localhost:8000/storage/accommodations/4oagRmFnKeka1lC3VubOd0kZfr2jJ6HY1ZKVJHfj.webp','https://www.zurizanzibar.com/','[]','2026-04-07 09:04:54','2026-04-07 10:50:39'),(24,'Tembo House Hotel','tembo-house-hotel',NULL,'Standard',NULL,NULL,'https://images.unsplash.com/photo-1520250497591-112f2f40a3f4?w=640&q=80',NULL,NULL,'2026-04-07 09:04:54','2026-04-07 09:04:54'),(25,'Mikumi Luxury Camp','mikumi-luxury-camp',NULL,'Premium',NULL,NULL,'http://localhost:8000/storage/accommodations/HqPxvRUARvdhJUq5NhDDvU5uEE1aXpIlNhOgvSAg.jpg','https://www.mikumisafarilodge.com/','[]','2026-04-07 09:04:54','2026-04-07 10:25:57'),(26,'Stanley\'s Kopje','stanleys-kopje',NULL,'Superior',NULL,NULL,'http://localhost:8000/storage/accommodations/pZx63JbWhfdAWaz6sywojZPS8BPzeFLMw1u1E3gJ.webp','https://www.stanleyskopje.com/','[]','2026-04-07 09:04:54','2026-04-07 10:42:58'),(27,'Mikumi Wildlife Lodge','mikumi-wildlife-lodge',NULL,'Standard',NULL,NULL,'http://localhost:8000/storage/accommodations/LZLUVuv4nb4HZsDY21KJJi8sQ56fCp9l2HhavLXI.jpg','https://wellworthcollection.co.tz/mikumi-wildlife-lodge/','[]','2026-04-07 09:04:54','2026-04-07 10:27:56'),(28,'Gran Melia Arusha','gran-melia-arusha',NULL,'Premium',5,NULL,'http://localhost:8000/storage/accommodations/OH0nbsvIMqyA5F2Ly5vZBoTXdy5aE9kw5qubMRCZ.webp','https://www.melia.com/en/hotels/tanzania/arusha/gran-melia-arusha','[]','2026-04-07 09:04:54','2026-04-07 10:12:16'),(29,'Legendary Lodge','legendary-lodge',NULL,'Premium',5,NULL,'http://localhost:8000/storage/accommodations/GfBnjv24Qi9qCcCye3z4ViLxXVvQQd0el0ZvWwhH.webp','https://www.legendaryexpeditions.co.tz/legendary-lodge','[]','2026-04-07 09:04:54','2026-04-07 10:20:24'),(30,'Arusha Coffee Lodge','arusha-coffee-lodge',NULL,'Superior',5,NULL,'http://localhost:8000/storage/accommodations/RoZkngD26r62P7nkbeb5eqMpu68lwbYUU7n629LQ.webp','https://www.elewanacollection.com/arusha-coffee-lodge/at-a-glance','[]','2026-04-07 09:04:54','2026-04-07 10:07:25'),(31,'Kilimamoja Lodge Lake Manyara','kilimamoja-lodge-lake-manyara',NULL,'Premium',4,NULL,'http://localhost:8000/storage/accommodations/0VboPDkZBaIXenJVTrNIrhvglEyDaPTD3D8KHrnC.webp','https://www.kilimamojalodge.com','[]','2026-04-07 09:04:54','2026-04-07 10:15:03'),(32,'Lake Magadi Lodge Central Serengeti','lake-magadi-lodge-central-serengeti',NULL,'Premium',5,NULL,'http://localhost:8000/storage/accommodations/5qrSo9tMoKlkyUETRkHETKbQYNFlI5CUyBNYU1M1.jpg','https://www.lakemagadilodge.com','[]','2026-04-07 09:04:54','2026-04-07 10:18:41'),(33,'Legendary Lodge Arusha','legendary-lodge-arusha',NULL,'Premium',5,NULL,'http://localhost:8000/storage/accommodations/7uhbUnzXYdozIyNpptj0wdzU3pTMnP6B9z2VT7bf.webp','https://www.legendarylodge.com','[]','2026-04-07 09:04:54','2026-04-07 10:20:43'),(34,'The Manor Karatu','the-manor-karatu',NULL,'Premium',5,NULL,'http://localhost:8000/storage/accommodations/009SVMIBR8KhlSqSoaGE2SFD2wV8kBz4edxoUueO.jpg','https://www.elewanacollection.com/the-manor-at-ngorongoro/at-a-glance','[]','2026-04-07 09:04:54','2026-04-07 10:46:51'),(35,'Coffee Lodge Arusha','coffee-lodge-arusha',NULL,'Premium',4,NULL,'http://localhost:8000/storage/accommodations/Ez6z5XKqCUGuO7ZPYqnZJUiladd4I13vWs9ngGsB.webp','https://www.elewanacollection.com/arusha-coffee-lodge/at-a-glance','[]','2026-04-07 09:04:54','2026-04-07 10:08:38'),(36,'Ngorongoro Oldeani Lodge Karatu','ngorongoro-oldeani-lodge-karatu',NULL,'Premium',4,NULL,'http://localhost:8000/storage/accommodations/CjWC3GFhycn5d8zGYTY64fBSw8u8e17M6sB3Nb2v.jpg','https://wellworthcollection.co.tz/ngorongoro-oldeani/','[]','2026-04-07 09:04:54','2026-04-07 10:33:27'),(37,'One Nature Camp North Serengeti','one-nature-camp-north-serengeti',NULL,'Premium',5,NULL,'http://localhost:8000/storage/accommodations/0Wrxr9h7ygNQwXlUc5wb265HEIZoV9lEQt91j8Px.webp','https://onenaturehotels.com/','[]','2026-04-07 09:04:54','2026-04-07 10:34:19'),(38,'Warangi Ridge Central Serengeti','warangi-ridge-central-serengeti',NULL,'Premium',5,NULL,'http://localhost:8000/storage/accommodations/DwmX8CCILjwqO6WTIC4GSLWbZMI6FNnb1l0i7Dzp.jpg','https://thewildernesscollection.com/warangi-ridge/','[]','2026-04-07 09:04:54','2026-04-07 10:49:39'),(39,'Craters Edge Ngorongoro','craters-edge-ngorongoro',NULL,'Premium',5,NULL,'http://localhost:8000/storage/accommodations/sYUB1DsRLI3RIdEcjQ1f94fEpaH8zgd6WQ7fJqen.jpg','https://thewildernesscollection.com/craters-edge/','[]','2026-04-07 09:04:54','2026-04-07 10:09:47'),(40,'Envi Sisini Camp Central Serengeti','envi-sisini-camp-central-serengeti',NULL,'Premium',5,NULL,'http://localhost:8000/storage/accommodations/wsVAnLmD4CpKKEPLKkJLBSemMqpHT6yjrjfcnAyE.webp','https://envilodges.com/sisiniserengeti/accommodations/','[]','2026-04-07 09:04:54','2026-04-07 10:10:30'),(41,'Neptune Camps Central Serengeti','neptune-camps-central-serengeti',NULL,'Premium',5,NULL,'http://localhost:8000/storage/accommodations/SNYUEtei2hl8f3FbrVgOvxF5djd8S26yDNd8p9l4.webp','https://www.neptunehotels.com/neptune-serengeti-luxury-camp/','[]','2026-04-07 09:04:54','2026-04-07 10:29:09'),(42,'Neptune Lodge Karatu (Return)','neptune-lodge-karatu-return',NULL,'Premium',4,NULL,'http://localhost:8000/storage/accommodations/Gu0bG0JeNKccZrKZX98BqvIUlcw883B3Ulh7e7aG.webp','https://www.neptunehotels.com/neptune-ngorongoro-luxury-lodge/','[]','2026-04-07 09:04:54','2026-04-07 10:31:03'),(43,'Neptune Resort Pwani Zanzibar','neptune-resort-pwani-zanzibar',NULL,'Premium',5,NULL,'http://localhost:8000/storage/accommodations/2StvjWm1sN8gcbe0zDmLqzj9PhfJdoRKqugJtIam.webp','https://www.neptunehotels.com/neptune-pwani-beach-resort-spa/','[]','2026-04-07 09:04:54','2026-04-07 10:32:21'),(44,'Serena Mivumo River Camp','serena-mivumo-river-camp',NULL,'Premium',4,NULL,'http://localhost:8000/storage/accommodations/CU7KkLpIZgKjNznBDPduF4afoTCWL0HL2xSdeKZH.webp','https://www.serenahotels.com/mivumo?srsltid=AfmBOorZL-dfLzo178oyEkGTrOxWw2YywFV-VtFPZOvUTenzmTXT048q','[]','2026-04-07 09:04:54','2026-04-07 10:40:30'),(45,'Vuma Hills Mikumi','vuma-hills-mikumi',NULL,'Superior',4,NULL,'http://localhost:8000/storage/accommodations/rJfKOFNjdKe64h6L3v58Kz8JvusxjLJHy4FYCfoO.webp','https://www.vumahills.com/','[]','2026-04-07 09:04:54','2026-04-07 10:48:53');
/*!40000 ALTER TABLE `accommodations` ENABLE KEYS */;
UNLOCK TABLES;

--
-- Table structure for table `add_ons`
--

DROP TABLE IF EXISTS `add_ons`;
/*!40101 SET @saved_cs_client     = @@character_set_client */;
/*!50503 SET character_set_client = utf8mb4 */;
CREATE TABLE `add_ons` (
  `id` bigint unsigned NOT NULL AUTO_INCREMENT,
  `slug` varchar(255) COLLATE utf8mb4_unicode_ci NOT NULL,
  `name` varchar(255) COLLATE utf8mb4_unicode_ci NOT NULL,
  `category` varchar(255) COLLATE utf8mb4_unicode_ci DEFAULT NULL,
  `filter_category` json DEFAULT NULL,
  `price` varchar(255) COLLATE utf8mb4_unicode_ci DEFAULT NULL,
  `price_numeric` int DEFAULT NULL,
  `price_suffix` varchar(255) COLLATE utf8mb4_unicode_ci DEFAULT NULL,
  `duration` varchar(255) COLLATE utf8mb4_unicode_ci DEFAULT NULL,
  `location` varchar(255) COLLATE utf8mb4_unicode_ci DEFAULT NULL,
  `best_season` varchar(255) COLLATE utf8mb4_unicode_ci DEFAULT NULL,
  `group_size` varchar(255) COLLATE utf8mb4_unicode_ci DEFAULT NULL,
  `start_time` varchar(255) COLLATE utf8mb4_unicode_ci DEFAULT NULL,
  `tagline` varchar(255) COLLATE utf8mb4_unicode_ci DEFAULT NULL,
  `hero_images` json DEFAULT NULL,
  `overview_prose` json DEFAULT NULL,
  `pull_quote` text COLLATE utf8mb4_unicode_ci,
  `included` json DEFAULT NULL,
  `not_included` json DEFAULT NULL,
  `timeline` json DEFAULT NULL,
  `faqs` json DEFAULT NULL,
  `practical_info` json DEFAULT NULL,
  `related_slugs` json DEFAULT NULL,
  `created_at` timestamp NULL DEFAULT NULL,
  `updated_at` timestamp NULL DEFAULT NULL,
  PRIMARY KEY (`id`),
  UNIQUE KEY `add_ons_slug_unique` (`slug`)
) ENGINE=InnoDB AUTO_INCREMENT=11 DEFAULT CHARSET=utf8mb4 COLLATE=utf8mb4_unicode_ci;
/*!40101 SET character_set_client = @saved_cs_client */;

--
-- Dumping data for table `add_ons`
--

LOCK TABLES `add_ons` WRITE;
/*!40000 ALTER TABLE `add_ons` DISABLE KEYS */;
INSERT INTO `add_ons` VALUES (1,'hot-air-balloon','Hot Air Balloon Safari','In The Air','[\"In The Air\", \"Adventure\"]','+$550',550,'per person','3–4 hours','Central Serengeti (Seronera)','Year-round (weather dependent)','Up to 16 per balloon','5:30 AM pre-dawn','The Serengeti from above, at the moment the world turns gold.','[\"http://localhost:8000/storage/add-ons/Jb3cdakAphywVFZGccD5mCXd0BhBDUUQvrkpuRz1.jpg\"]','[\"There is a moment, around 300 feet above the Serengeti floor, with the balloon still climbing and the savanna spreading beneath you in every direction, when the scale of this place becomes truly comprehensible. From ground level, the Serengeti is vast but intimate: trees at eye level, animals close, horizons cut by vegetation. From above, you see what a million years of wildlife and grassland actually looks like from the perspective of the eagle.\", \"The dawn balloon safari begins in darkness. You arrive at the launch site before first light, a thorn bush field in the middle of the Serengeti, nothing visible beyond the glow of the inflation burners and the enormous silhouette of the balloon taking shape against the stars. The briefing is calm and professional. The basket carries up to 16 passengers in compartments. Then you rise. Slowly, silently, impossibly, the earth falls away and the Serengeti reveals itself.\", \"The sunrise colors the savanna in a sequence that no camera fully captures: deep indigo giving way to rose, then amber, then the blazing gold that photographers call the magic hour. Below you, wildlife is waking. Elephant families move through the grey pre-dawn light. A lion pride stirs on a kopje. The wildebeest herds are already moving. One hour in the air. Then a champagne breakfast set on tables in the bush, linen, glassware, and the Serengeti as your dining room. It is one of the finest mornings available anywhere on Earth.\"]','The earth falls away and the Serengeti reveals itself.','[\"Pre-dawn transfer from your camp to launch site (within 45 minutes)\", \"Safety briefing with licensed pilot\", \"Approximately 60 minutes in the air\", \"Champagne bush breakfast upon landing (linen, glassware, full cooked breakfast)\", \"Flight certificate from the pilot\", \"Return transfer to your camp\", \"Third-party liability insurance\"]','[\"Additional alcoholic beverages beyond champagne breakfast\", \"Private basket upgrade (+$800 for groups of 4–6)\", \"Gratuity for the balloon crew\"]','[]','[]','[]','[\"photography-upgrade\", \"private-helicopter\", \"private-bush-dinner\"]','2026-04-03 19:51:31','2026-04-08 08:19:34'),(5,'kilimanjaro-day-hike','Kilimanjaro Day Hike','Adventure','[\"Adventure\", \"On The Ground\"]','+$280',280,'per person','6–8 hours','Kilimanjaro National Park','Year-round (best Jun–Oct, Dec–Feb)','2–8 hikers','7:00 AM','Walk the lower slopes of Africa\'s highest peak, no summit commitment required.','[\"http://localhost:8000/storage/add-ons/3aEOYAEIVqigeFhADYMKkm6OtCyJOl75uOxKSTj3.jpg\"]','[\"Not everyone has 9 days for the summit. But everyone deserves to feel the mountain beneath their feet. The Kilimanjaro Day Hike takes you into the rainforest zone of Africa\'s highest peak, an ecosystem of colobus monkeys, ancient trees draped in moss, and the unmistakable sense of ascending something immense.\", \"You hike from Marangu Gate (1,860m) to Mandara Hut (2,720m) through dense montane rainforest. The trail is well-maintained and moderate in difficulty.\", \"At Mandara Hut, you rest, take in the views where the forest thins, and enjoy a packed lunch before descending. It is a profound introduction to Kilimanjaro without the physical and time commitment.\"]','Everyone deserves to feel the mountain beneath their feet.','[\"Return transfer from Moshi/Arusha to Marangu Gate\", \"Licensed Kilimanjaro guide\", \"National park entry fees\", \"Packed lunch and water\"]','[\"Hiking boots\", \"Rain gear\", \"Gratuity for guide and porter\"]','[]','[]','[]','[\"walking-safari\", \"photography-upgrade\"]','2026-04-03 19:51:31','2026-04-08 08:21:07'),(6,'maasai-cultural-village','Maasai Cultural Village Experience','Culture','[\"Culture\", \"On The Ground\"]','+$95',95,'per person','2–3 hours','Ngorongoro Highlands','Year-round','2–12 guests','Flexible (morning or afternoon)','Step inside the world of East Africa\'s most iconic people.','[\"http://localhost:8000/storage/add-ons/zagE7SfjFwmA52EX7OsBzHlzqm5qekWLzaPT7aa6.jpg\"]','[\"The Maasai are not a tourist attraction, they are a living civilization. Semi-nomadic pastoralists who have walked this land for centuries alongside the wildlife.\", \"We work with Maasai communities who manage their own cultural tourism programs and receive direct economic benefit. Entry fees go directly to the community.\", \"A visit to a Maasai village is not a performance. It is an invitation into someone\'s home. You\'ll meet elders, learn about traditional medicine, witness the famous jumping dance, and understand how this ancient culture coexists with modern Tanzania.\"]','A visit to a Maasai village is not a performance. It is an invitation into someone\'s home.','[\"Transfer to and from the village\", \"Community entry fee\", \"Guided tour with Maasai elder\", \"Traditional jumping dance demonstration\", \"Opportunity to purchase authentic beadwork\"]','[\"Photography fees (if applicable)\", \"Additional donations to the community\"]','[]','[]','[]','[\"walking-safari\", \"private-bush-dinner\"]','2026-04-03 19:51:31','2026-04-08 08:21:59'),(7,'night-game-drive','Night Game Drive','Adventure','[\"Adventure\", \"On The Ground\"]','+$120',120,'per person','2–3 hours','Tarangire, Lake Manyara, Selous','Year-round','2–6 guests','8:00 PM (after dinner)','The bush transforms after dark. Meet the hunters of the night.','[\"http://localhost:8000/storage/add-ons/Phlu0UXn3lOh1bC2yFY43aniVUXdBTtlPC1FfXth.jpg\"]','[\"When the sun sets, a completely different Africa awakens. The diurnal animals settle into sleep, and the nocturnal hunters emerge. The night game drive offers a window into this hidden world, where predators rule and the bush reveals its most secretive inhabitants.\", \"Equipped with powerful spotlights, your guide scans the darkness for the reflective eyes of leopards, hyenas, genets, and bushbabies. The experience is atmospheric, mysterious, and often yields sightings that daytime drives never see.\", \"This is not just an extension of your game drive. It\'s a different safari entirely, conducted under the African stars with the sounds of the night as your soundtrack.\"]','When the sun sets, a completely different Africa awakens.','[\"Guided night drive with spotlight\", \"Specialist night-driving vehicle\", \"Hot drinks (tea, coffee, hot chocolate)\", \"Warm blankets\"]','[\"Alcoholic beverages\", \"Gratuity for guide\"]','[]','[]','[]','[\"walking-safari\", \"private-bush-dinner\"]','2026-04-03 19:51:31','2026-04-08 08:25:19'),(9,'honeymoon-package','Honeymoon & Romance Package','Romance','[\"Romance\", \"On The Ground\"]','+$350',350,'per couple','Throughout safari','All destinations','Year-round','Couples only','Integrated into itinerary','Because the greatest adventure should be shared with the person you love.','[\"http://localhost:8000/storage/add-ons/tzlD0EQDaeE5IUHstrmhtJCQVmcuiShNAeCmSPmh.jpg\"]','[\"A honeymoon safari is integrated with privacy, intimacy, and overwhelming beauty. This package transforms your safari into a romantic journey, with special touches designed for couples celebrating love.\", \"From champagne on arrival to private dinners under the stars, every element is curated to create moments you\'ll remember forever. We understand that your honeymoon is not just a vacation—it\'s the beginning of a lifetime of shared adventures.\", \"Let us handle the details while you focus on each other and the breathtaking landscapes of Tanzania.\"]','A honeymoon measured not in thread count but in sunsets.','[\"Room upgrade (subject to availability)\", \"Private bush dinner for two\", \"Champagne on arrival\", \"Romantic turndown service with rose petals\", \"Private vehicle for game drives\"]','[\"Spa treatments\", \"Special photography sessions\"]','[]','[]','[]','[\"private-bush-dinner\", \"zanzibar-extension\"]','2026-04-03 19:51:31','2026-04-08 08:17:12');
/*!40000 ALTER TABLE `add_ons` ENABLE KEYS */;
UNLOCK TABLES;

--
-- Table structure for table `admin_notifications`
--

DROP TABLE IF EXISTS `admin_notifications`;
/*!40101 SET @saved_cs_client     = @@character_set_client */;
/*!50503 SET character_set_client = utf8mb4 */;
CREATE TABLE `admin_notifications` (
  `id` bigint unsigned NOT NULL AUTO_INCREMENT,
  `type` varchar(50) COLLATE utf8mb4_unicode_ci NOT NULL,
  `message` varchar(255) COLLATE utf8mb4_unicode_ci NOT NULL,
  `is_read` tinyint(1) NOT NULL DEFAULT '0',
  `related_id` bigint unsigned DEFAULT NULL,
  `created_at` timestamp NULL DEFAULT NULL,
  `updated_at` timestamp NULL DEFAULT NULL,
  PRIMARY KEY (`id`)
) ENGINE=InnoDB AUTO_INCREMENT=2 DEFAULT CHARSET=utf8mb4 COLLATE=utf8mb4_unicode_ci;
/*!40101 SET character_set_client = @saved_cs_client */;

--
-- Dumping data for table `admin_notifications`
--

LOCK TABLES `admin_notifications` WRITE;
/*!40000 ALTER TABLE `admin_notifications` DISABLE KEYS */;
INSERT INTO `admin_notifications` VALUES (1,'booking','New booking for Great Migration Safari',0,9,'2026-04-07 08:33:41','2026-04-07 08:33:41');
/*!40000 ALTER TABLE `admin_notifications` ENABLE KEYS */;
UNLOCK TABLES;

--
-- Table structure for table `blog_posts`
--

DROP TABLE IF EXISTS `blog_posts`;
/*!40101 SET @saved_cs_client     = @@character_set_client */;
/*!50503 SET character_set_client = utf8mb4 */;
CREATE TABLE `blog_posts` (
  `id` bigint unsigned NOT NULL AUTO_INCREMENT,
  `title` varchar(255) COLLATE utf8mb4_unicode_ci NOT NULL,
  `slug` varchar(255) COLLATE utf8mb4_unicode_ci NOT NULL,
  `category` varchar(255) COLLATE utf8mb4_unicode_ci DEFAULT NULL,
  `author` varchar(255) COLLATE utf8mb4_unicode_ci DEFAULT NULL,
  `published_date` date DEFAULT NULL,
  `status` varchar(255) COLLATE utf8mb4_unicode_ci NOT NULL DEFAULT 'draft',
  `views` int NOT NULL DEFAULT '0',
  `body` text COLLATE utf8mb4_unicode_ci,
  `content` text COLLATE utf8mb4_unicode_ci,
  `featured_image` varchar(255) COLLATE utf8mb4_unicode_ci DEFAULT NULL,
  `excerpt` varchar(500) COLLATE utf8mb4_unicode_ci DEFAULT NULL,
  `tags` varchar(255) COLLATE utf8mb4_unicode_ci DEFAULT NULL,
  `meta_title` varchar(255) COLLATE utf8mb4_unicode_ci DEFAULT NULL,
  `meta_description` varchar(255) COLLATE utf8mb4_unicode_ci DEFAULT NULL,
  `related_safari` varchar(255) COLLATE utf8mb4_unicode_ci DEFAULT NULL,
  `related_destination` varchar(255) COLLATE utf8mb4_unicode_ci DEFAULT NULL,
  `show_cta` tinyint(1) NOT NULL DEFAULT '0',
  `created_at` timestamp NULL DEFAULT NULL,
  `updated_at` timestamp NULL DEFAULT NULL,
  PRIMARY KEY (`id`),
  UNIQUE KEY `blog_posts_slug_unique` (`slug`)
) ENGINE=InnoDB AUTO_INCREMENT=26 DEFAULT CHARSET=utf8mb4 COLLATE=utf8mb4_unicode_ci;
/*!40101 SET character_set_client = @saved_cs_client */;

--
-- Dumping data for table `blog_posts`
--

LOCK TABLES `blog_posts` WRITE;
/*!40000 ALTER TABLE `blog_posts` DISABLE KEYS */;
INSERT INTO `blog_posts` VALUES (18,'The Great Migration: A Complete Guide to Witnessing Nature\'s Greatest Spectacle','great-migration-complete-guide','Wildlife & Nature','Emmanuel Laizer','2026-04-08','published',4523,'<h2>What is the Great Migration?</h2>\n<p>The Great Migration is the largest overland migration of mammals on Earth. Over two million wildebeest, zebra, and gazelle move in a continuous cycle through the Serengeti-Mara ecosystem in search of fresh grazing and water. This ancient rhythm has played out for millennia, and it remains one of the most awe-inspiring wildlife events on the planet.</p>\n\n<h2>When Does It Happen?</h2>\n<p>The migration is a year-round cycle, but certain moments stand out:</p>\n<ul>\n<li><strong>January–March:</strong> Calving season in the Southern Serengeti. Over 500,000 wildebeest calves are born within a few weeks, attracting massive predator action.</li>\n<li><strong>April–May:</strong> The herds begin their northwest trek through the Western Corridor.</li>\n<li><strong>June–July:</strong> The Grumeti River crossings begin, with crocodile-infested waters creating dramatic encounters.</li>\n<li><strong>August–October:</strong> The Mara River crossings in Northern Serengeti. This is the most iconic and unpredictable phase.</li>\n<li><strong>November–December:</strong> The herds return south as the short rains begin, completing the circle.</li>\n</ul>\n\n<h2>Where to Stay</h2>\n<p>Your choice of camp can make or break your migration experience. In the Southern Serengeti, we recommend Ndutu Lodge or Oliver\'s Camp during calving season. For the river crossings, our guides favour Lamai Wilderness and Kubu Kubu Tented Lodge in the north.</p>\n\n<h2>What to Expect at a River Crossing</h2>\n<p>River crossings are not scripted. You may wait for hours, or you may witness thousands of animals plunging into crocodile-infested waters within minutes. The key is patience and positioning. Our guides have decades of experience reading the signs: when the herds are gathering, when they\'re nervous, and when the first brave individuals decide to jump.</p>\n\n<blockquote>The migration doesn\'t run on a timetable. It runs on rain and grass. That\'s why you need a guide who understands the ancient rhythms of this land.</blockquote>\n\n<h2>Photography Tips</h2>\n<p>Bring a telephoto lens (at least 300mm) and a fast shutter speed. The dust, light, and movement create challenging conditions, but also some of the most dramatic wildlife photography opportunities in the world. A bean bag for your vehicle window is invaluable.</p>\n\n<h3>Best Camera Settings</h3>\n<ul>\n<li>Shutter speed: 1/1000s or faster for action</li>\n<li>Aperture: f/5.6–f/8 for depth of field</li>\n<li>ISO: Auto, but cap at 3200 to manage noise</li>\n<li>Drive mode: Continuous high-speed for bursts</li>\n</ul>\n\n<p>Whether you\'re a first-time visitor or a seasoned safari hand, the Great Migration is an experience that rewires your understanding of the natural world. It is chaos and order, violence and beauty, all unfolding under an endless African sky.</p>','<h2>What is the Great Migration?</h2>\n<p>The Great Migration is the largest overland migration of mammals on Earth. Over two million wildebeest, zebra, and gazelle move in a continuous cycle through the Serengeti-Mara ecosystem in search of fresh grazing and water. This ancient rhythm has played out for millennia, and it remains one of the most awe-inspiring wildlife events on the planet.</p>\n\n<h2>When Does It Happen?</h2>\n<p>The migration is a year-round cycle, but certain moments stand out:</p>\n<ul>\n<li><strong>January–March:</strong> Calving season in the Southern Serengeti. Over 500,000 wildebeest calves are born within a few weeks, attracting massive predator action.</li>\n<li><strong>April–May:</strong> The herds begin their northwest trek through the Western Corridor.</li>\n<li><strong>June–July:</strong> The Grumeti River crossings begin, with crocodile-infested waters creating dramatic encounters.</li>\n<li><strong>August–October:</strong> The Mara River crossings in Northern Serengeti. This is the most iconic and unpredictable phase.</li>\n<li><strong>November–December:</strong> The herds return south as the short rains begin, completing the circle.</li>\n</ul>\n\n<h2>Where to Stay</h2>\n<p>Your choice of camp can make or break your migration experience. In the Southern Serengeti, we recommend Ndutu Lodge or Oliver\'s Camp during calving season. For the river crossings, our guides favour Lamai Wilderness and Kubu Kubu Tented Lodge in the north.</p>\n\n<h2>What to Expect at a River Crossing</h2>\n<p>River crossings are not scripted. You may wait for hours, or you may witness thousands of animals plunging into crocodile-infested waters within minutes. The key is patience and positioning. Our guides have decades of experience reading the signs: when the herds are gathering, when they\'re nervous, and when the first brave individuals decide to jump.</p>\n\n<blockquote>The migration doesn\'t run on a timetable. It runs on rain and grass. That\'s why you need a guide who understands the ancient rhythms of this land.</blockquote>\n\n<h2>Photography Tips</h2>\n<p>Bring a telephoto lens (at least 300mm) and a fast shutter speed. The dust, light, and movement create challenging conditions, but also some of the most dramatic wildlife photography opportunities in the world. A bean bag for your vehicle window is invaluable.</p>\n\n<h3>Best Camera Settings</h3>\n<ul>\n<li>Shutter speed: 1/1000s or faster for action</li>\n<li>Aperture: f/5.6–f/8 for depth of field</li>\n<li>ISO: Auto, but cap at 3200 to manage noise</li>\n<li>Drive mode: Continuous high-speed for bursts</li>\n</ul>\n\n<p>Whether you\'re a first-time visitor or a seasoned safari hand, the Great Migration is an experience that rewires your understanding of the natural world. It is chaos and order, violence and beauty, all unfolding under an endless African sky.</p>','http://localhost:8000/storage/blog/cQCAZEry6MQv5Ei1zz9PCslMn7zBLtckKOUBfulw.jpg','Everything you need to know about timing, locations, and strategies for witnessing the Great Migration in Tanzania\'s Serengeti.','Great Migration, Serengeti, Wildebeest, Wildlife, Safari Planning, River Crossing, Calving Season','Great Migration Guide: When, Where & How to Witness It','Complete guide to the Great Migration in Serengeti. Timing, river crossings, best camps, photography tips. Expert advice from Ronjoo Safaris.','classic-tanzania-safari','serengeti',1,'2026-04-03 19:51:46','2026-04-08 07:51:57'),(19,'How to Choose Your First Safari: A Step-by-Step Planning Guide','how-to-choose-first-safari-planning-guide','Safari Planning','Safari Team','2026-04-08','published',3215,'<h2>Step 1: Decide What You Want to See</h2>\n<p>Tanzania offers several distinct safari circuits. The Northern Circuit (Serengeti, Ngorongoro, Tarangire) is the most popular and accessible, offering the Big Five and the Great Migration. The Southern Circuit (Ruaha, Selous/Nyerere) is remote, wild, and less visited—perfect for those who want exclusivity. Then there\'s Kilimanjaro trekking and Zanzibar beach extensions.</p>\n\n<h2>Step 2: Set Your Budget</h2>\n<p>Safaris range from $800 per person for a 2-day Mikumi trip to $15,000+ for a two-week premium Northern Circuit journey. The main cost drivers are:</p>\n<ul>\n<li><strong>Accommodation tier:</strong> Standard camping ($), lodge comfort ($$), or luxury tented camps ($$$)</li>\n<li><strong>Group size:</strong> Solo travel is expensive per person. Costs drop significantly with 2–6 travelers sharing a vehicle.</li>\n<li><strong>Season:</strong> Peak season (June–October, December–February) commands higher rates. Green season (April–May) offers discounts and fewer crowds.</li>\n</ul>\n\n<h2>Step 3: Choose Your Duration</h2>\n<p>Minimum recommended: 4 days for a taste of the Northern Circuit. Ideal: 7–10 days for Serengeti, Ngorongoro, and Tarangire. If you have 14+ days, consider adding Zanzibar for the ultimate bush-and-beach holiday.</p>\n\n<h2>Step 4: Pick Your Accommodation Style</h2>\n<p><strong>Standard Camping:</strong> Mobile camps with basic tents and shared facilities. Authentic and budget-friendly.</p>\n<p><strong>Superior Lodges:</strong> Permanent lodges with en-suite bathrooms, restaurants, and pools. Comfort meets wilderness.</p>\n<p><strong>Premium/Luxury:</strong> Boutique tented camps or luxury lodges with plunge pools, private decks, and gourmet dining. The pinnacle of safari comfort.</p>\n\n<h2>Step 5: Book with a Local Operator</h2>\n<p>Always choose a Tanzania-based operator registered with TATO (Tanzania Association of Tour Operators). Local operators have direct relationships with parks and lodges, ensuring better rates and authentic experiences. Ask about vehicle quality, guide experience, and group size limits.</p>\n\n<h3>Questions to Ask Your Operator</h3>\n<ul>\n<li>What is the maximum group size per vehicle?</li>\n<li>How many years of guiding experience does my guide have?</li>\n<li>Are park fees and concession fees included in the price?</li>\n<li>What is your cancellation policy?</li>\n<li>Do you offer AMREF Flying Doctor evacuation insurance?</li>\n</ul>\n\n<p>Planning your first safari can feel overwhelming, but with the right guidance, it becomes the adventure of a lifetime. Start early, ask questions, and trust the process. The bush is waiting.</p>','<h2>Step 1: Decide What You Want to See</h2>\n<p>Tanzania offers several distinct safari circuits. The Northern Circuit (Serengeti, Ngorongoro, Tarangire) is the most popular and accessible, offering the Big Five and the Great Migration. The Southern Circuit (Ruaha, Selous/Nyerere) is remote, wild, and less visited—perfect for those who want exclusivity. Then there\'s Kilimanjaro trekking and Zanzibar beach extensions.</p>\n\n<h2>Step 2: Set Your Budget</h2>\n<p>Safaris range from $800 per person for a 2-day Mikumi trip to $15,000+ for a two-week premium Northern Circuit journey. The main cost drivers are:</p>\n<ul>\n<li><strong>Accommodation tier:</strong> Standard camping ($), lodge comfort ($$), or luxury tented camps ($$$)</li>\n<li><strong>Group size:</strong> Solo travel is expensive per person. Costs drop significantly with 2–6 travelers sharing a vehicle.</li>\n<li><strong>Season:</strong> Peak season (June–October, December–February) commands higher rates. Green season (April–May) offers discounts and fewer crowds.</li>\n</ul>\n\n<h2>Step 3: Choose Your Duration</h2>\n<p>Minimum recommended: 4 days for a taste of the Northern Circuit. Ideal: 7–10 days for Serengeti, Ngorongoro, and Tarangire. If you have 14+ days, consider adding Zanzibar for the ultimate bush-and-beach holiday.</p>\n\n<h2>Step 4: Pick Your Accommodation Style</h2>\n<p><strong>Standard Camping:</strong> Mobile camps with basic tents and shared facilities. Authentic and budget-friendly.</p>\n<p><strong>Superior Lodges:</strong> Permanent lodges with en-suite bathrooms, restaurants, and pools. Comfort meets wilderness.</p>\n<p><strong>Premium/Luxury:</strong> Boutique tented camps or luxury lodges with plunge pools, private decks, and gourmet dining. The pinnacle of safari comfort.</p>\n\n<h2>Step 5: Book with a Local Operator</h2>\n<p>Always choose a Tanzania-based operator registered with TATO (Tanzania Association of Tour Operators). Local operators have direct relationships with parks and lodges, ensuring better rates and authentic experiences. Ask about vehicle quality, guide experience, and group size limits.</p>\n\n<h3>Questions to Ask Your Operator</h3>\n<ul>\n<li>What is the maximum group size per vehicle?</li>\n<li>How many years of guiding experience does my guide have?</li>\n<li>Are park fees and concession fees included in the price?</li>\n<li>What is your cancellation policy?</li>\n<li>Do you offer AMREF Flying Doctor evacuation insurance?</li>\n</ul>\n\n<p>Planning your first safari can feel overwhelming, but with the right guidance, it becomes the adventure of a lifetime. Start early, ask questions, and trust the process. The bush is waiting.</p>','http://localhost:8000/storage/blog/G6Z7x8P6X01Hv8uVPVyvyx1FqtaO4kJCMVoMu6Gs.jpg','From budget to destinations, accommodation tiers to timing—everything you need to plan your first African safari with confidence.','Safari Planning, First Safari, Budget Safari, Tanzania Safari, How to Choose, Accommodation Tiers','How to Choose Your First Safari: Complete Planning Guide','Step-by-step guide to planning your first African safari. Budget, destinations, accommodation tiers, timing, and booking tips from local experts.','tanzania-sampler-safari',NULL,1,'2026-04-03 19:51:46','2026-04-08 07:55:04'),(20,'Serengeti vs. Maasai Mara: Which Should You Choose?','serengeti-vs-maasai-mara-comparison','Destination Guide','David Mollel','2026-04-08','published',5892,'<h2>The Short Answer</h2>\n<p>Both the Serengeti (Tanzania) and the Maasai Mara (Kenya) are part of the same ecosystem, split by an artificial border. The wildlife, landscapes, and migration patterns are continuous. However, the experience of visiting each is quite different.</p>\n\n<h2>Wildlife & Density</h2>\n<p><strong>Serengeti:</strong> 14,750 square kilometers of pure wilderness. The Serengeti is 10 times larger than the Mara, meaning more space, fewer vehicles, and a greater sense of solitude. Wildlife density is slightly lower per square kilometer, but the sheer scale means you encounter a wider variety of ecosystems.</p>\n<p><strong>Maasai Mara:</strong> 1,510 square kilometers of concentrated wildlife. The Mara is smaller, which means game drives are shorter and predator sightings can feel more frequent. However, this also means more vehicles at popular sightings.</p>\n\n<h2>The Migration Experience</h2>\n<p><strong>Serengeti:</strong> The migration spends 9–10 months of the year in Tanzania. You can witness calving season (January–March), the Western Corridor trek (April–June), and the Mara River crossings (August–October) all within the Serengeti.</p>\n<p><strong>Maasai Mara:</strong> The migration enters the Mara from July to October. This is the iconic river crossing period. If your sole goal is to see the crossings, the Mara offers a front-row seat. But the window is shorter, and the crowds are heavier.</p>\n\n<h2>Crowds & Exclusivity</h2>\n<p>Serengeti wins on space. Even during peak season, you can find areas of the park where you are the only vehicle for miles. The Mara\'s smaller size means popular sightings can attract 10–15 vehicles in a tight cluster. For honeymooners or photographers seeking solitude, the Serengeti is unmatched.</p>\n\n<h2>Cost Comparison</h2>\n<p>Tanzania\'s park fees are slightly higher than Kenya\'s, but the overall cost depends on your accommodation choices. A premium Serengeti safari can run $800–$1,500 per person per day, while a similar standard in the Mara might be $600–$1,200. However, budget options exist in both destinations.</p>\n\n<h2>Which Should You Choose?</h2>\n<p><strong>Choose Serengeti if:</strong> You want vast wilderness, fewer vehicles, a longer migration season, and the flexibility to combine with Ngorongoro and Tarangire.</p>\n<p><strong>Choose Maasai Mara if:</strong> You have less time (3–4 days is enough for the Mara), want to focus specifically on river crossings, or are combining with a Kenya beach holiday.</p>\n\n<p>At Ronjoo, we run both circuits. Our honest advice: if you have 5+ days and value space over speed, the Serengeti will leave a deeper mark on your soul.</p>','<h2>The Short Answer</h2>\n<p>Both the Serengeti (Tanzania) and the Maasai Mara (Kenya) are part of the same ecosystem, split by an artificial border. The wildlife, landscapes, and migration patterns are continuous. However, the experience of visiting each is quite different.</p>\n\n<h2>Wildlife & Density</h2>\n<p><strong>Serengeti:</strong> 14,750 square kilometers of pure wilderness. The Serengeti is 10 times larger than the Mara, meaning more space, fewer vehicles, and a greater sense of solitude. Wildlife density is slightly lower per square kilometer, but the sheer scale means you encounter a wider variety of ecosystems.</p>\n<p><strong>Maasai Mara:</strong> 1,510 square kilometers of concentrated wildlife. The Mara is smaller, which means game drives are shorter and predator sightings can feel more frequent. However, this also means more vehicles at popular sightings.</p>\n\n<h2>The Migration Experience</h2>\n<p><strong>Serengeti:</strong> The migration spends 9–10 months of the year in Tanzania. You can witness calving season (January–March), the Western Corridor trek (April–June), and the Mara River crossings (August–October) all within the Serengeti.</p>\n<p><strong>Maasai Mara:</strong> The migration enters the Mara from July to October. This is the iconic river crossing period. If your sole goal is to see the crossings, the Mara offers a front-row seat. But the window is shorter, and the crowds are heavier.</p>\n\n<h2>Crowds & Exclusivity</h2>\n<p>Serengeti wins on space. Even during peak season, you can find areas of the park where you are the only vehicle for miles. The Mara\'s smaller size means popular sightings can attract 10–15 vehicles in a tight cluster. For honeymooners or photographers seeking solitude, the Serengeti is unmatched.</p>\n\n<h2>Cost Comparison</h2>\n<p>Tanzania\'s park fees are slightly higher than Kenya\'s, but the overall cost depends on your accommodation choices. A premium Serengeti safari can run $800–$1,500 per person per day, while a similar standard in the Mara might be $600–$1,200. However, budget options exist in both destinations.</p>\n\n<h2>Which Should You Choose?</h2>\n<p><strong>Choose Serengeti if:</strong> You want vast wilderness, fewer vehicles, a longer migration season, and the flexibility to combine with Ngorongoro and Tarangire.</p>\n<p><strong>Choose Maasai Mara if:</strong> You have less time (3–4 days is enough for the Mara), want to focus specifically on river crossings, or are combining with a Kenya beach holiday.</p>\n\n<p>At Ronjoo, we run both circuits. Our honest advice: if you have 5+ days and value space over speed, the Serengeti will leave a deeper mark on your soul.</p>','http://localhost:8000/storage/blog/rvA8Sw1eNKwm52l8UvQyGEyVVmTeKnHWyYKuwpqs.jpg','A detailed comparison of East Africa\'s two most famous safari destinations. We break down wildlife, crowds, cost, and the unique character of each.','Serengeti, Maasai Mara, Comparison, Destination Guide, East Africa, Migration','Serengeti vs Maasai Mara: Which Safari Destination is Right?','Detailed comparison of Serengeti and Maasai Mara. Wildlife, crowds, cost, migration timing. Expert advice to help you choose.','serengeti-ngorongoro-express','serengeti',1,'2026-04-03 19:51:46','2026-04-08 07:56:45'),(21,'Big Five of Tanzania: Where and When to Find Them','big-five-tanzania-where-when-find','Wildlife & Nature','Joseph Maasai','2026-04-08','published',7234,'<h2>The Big Five: What Does It Mean?</h2>\n<p>The term \"Big Five\" originated from big-game hunters referring to the five most difficult animals to hunt on foot: lion, leopard, elephant, Cape buffalo, and rhinoceros. Today, it has been adopted by the safari industry to represent the most sought-after wildlife sightings. In Tanzania, all five can be found in a single trip, though the rhino requires special planning.</p>\n\n<h2>1. Lion (Panthera leo)</h2>\n<p><strong>Where:</strong> Serengeti (Seronera Valley), Ngorongoro Crater, Tarangire</p>\n<p><strong>When:</strong> Year-round, but easiest in the dry season (June–October) when prey gathers around water sources</p>\n<p><strong>Tracking Tips:</strong> Lions rest in the shade during midday. Early morning (6:30–9:00 AM) and late afternoon (4:00–6:30 PM) are peak activity times. Look for vehicles clustered in one area—it usually means a pride has been spotted.</p>\n\n<h2>2. Leopard (Panthera pardus)</h2>\n<p><strong>Where:</strong> Serengeti (retina hippo pool area), Tarangire (sausage trees), Ngorongoro highlands</p>\n<p><strong>When:</strong> Year-round, but most visible in the dry season when they come down to drink</p>\n<p><strong>Tracking Tips:</strong> Leopards are masters of camouflage. Look for a tail hanging from a tree branch or the golden glow of eyes reflecting in the dusk. Your guide will scan the sausage trees and rocky kopjes methodically.</p>\n\n<h2>3. Elephant (Loxodonta africana)</h2>\n<p><strong>Where:</strong> Tarangire (highest concentration in Tanzania), Serengeti, Ruaha</p>\n<p><strong>When:</strong> June–November in Tarangire, when herds gather along the Tarangire River</p>\n<p><strong>Tracking Tips:</strong> Tarangire is elephant country. Expect to see herds of 50–100 individuals, including massive bulls with impressive tusks. The dry season forces them to the river, creating predictable viewing.</p>\n\n<h2>4. Cape Buffalo (Syncerus caffer)</h2>\n<p><strong>Where:</strong> Ngorongoro Crater floor, Serengeti, Tarangire</p>\n<p><strong>When:</strong> Year-round. Most visible in the Ngorongoro Crater where they are present in large numbers</p>\n<p><strong>Tracking Tips:</strong> Buffalo are often overlooked but are fascinating to watch. A herd of 1,000+ can be seen in the Crater. They are highly social and have complex herd dynamics. Watch for the dominant bulls on the periphery.</p>\n\n<h2>5. Black Rhino (Diceros bicornis)</h2>\n<p><strong>Where:</strong> Ngorongoro Crater (best chance), Serengeti (rare), specialized Rhino sanctuary tours</p>\n<p><strong>When:</strong> Year-round, but the Crater population is resident and visible most days</p>\n<p><strong>Tracking Tips:</strong> The Ngorongoro Crater is home to approximately 25–30 black rhinos, one of the most reliable places in Africa to find them. Your guide will communicate with other vehicles and rangers to track recent sightings. Patience is essential—rhinos are solitary and can be elusive.</p>\n\n<info-box>Rhino conservation in Tanzania is critical. The Ngorongoro population is carefully monitored, and strict viewing protocols are enforced to minimize stress on the animals. Always maintain a respectful distance and never pressure your guide to get closer.</info-box>\n\n<h2>The Big Five in One Safari</h2>\n<p>A 6–7 day Northern Circuit safari (Tarangire → Serengeti → Ngorongoro) gives you the best chance to see all five. Elephant and buffalo are almost guaranteed. Lion and leopard are highly likely. Rhino requires luck and timing, but the Ngorongoro Crater offers your best shot.</p>','<h2>The Big Five: What Does It Mean?</h2>\n<p>The term \"Big Five\" originated from big-game hunters referring to the five most difficult animals to hunt on foot: lion, leopard, elephant, Cape buffalo, and rhinoceros. Today, it has been adopted by the safari industry to represent the most sought-after wildlife sightings. In Tanzania, all five can be found in a single trip, though the rhino requires special planning.</p>\n\n<h2>1. Lion (Panthera leo)</h2>\n<p><strong>Where:</strong> Serengeti (Seronera Valley), Ngorongoro Crater, Tarangire</p>\n<p><strong>When:</strong> Year-round, but easiest in the dry season (June–October) when prey gathers around water sources</p>\n<p><strong>Tracking Tips:</strong> Lions rest in the shade during midday. Early morning (6:30–9:00 AM) and late afternoon (4:00–6:30 PM) are peak activity times. Look for vehicles clustered in one area—it usually means a pride has been spotted.</p>\n\n<h2>2. Leopard (Panthera pardus)</h2>\n<p><strong>Where:</strong> Serengeti (retina hippo pool area), Tarangire (sausage trees), Ngorongoro highlands</p>\n<p><strong>When:</strong> Year-round, but most visible in the dry season when they come down to drink</p>\n<p><strong>Tracking Tips:</strong> Leopards are masters of camouflage. Look for a tail hanging from a tree branch or the golden glow of eyes reflecting in the dusk. Your guide will scan the sausage trees and rocky kopjes methodically.</p>\n\n<h2>3. Elephant (Loxodonta africana)</h2>\n<p><strong>Where:</strong> Tarangire (highest concentration in Tanzania), Serengeti, Ruaha</p>\n<p><strong>When:</strong> June–November in Tarangire, when herds gather along the Tarangire River</p>\n<p><strong>Tracking Tips:</strong> Tarangire is elephant country. Expect to see herds of 50–100 individuals, including massive bulls with impressive tusks. The dry season forces them to the river, creating predictable viewing.</p>\n\n<h2>4. Cape Buffalo (Syncerus caffer)</h2>\n<p><strong>Where:</strong> Ngorongoro Crater floor, Serengeti, Tarangire</p>\n<p><strong>When:</strong> Year-round. Most visible in the Ngorongoro Crater where they are present in large numbers</p>\n<p><strong>Tracking Tips:</strong> Buffalo are often overlooked but are fascinating to watch. A herd of 1,000+ can be seen in the Crater. They are highly social and have complex herd dynamics. Watch for the dominant bulls on the periphery.</p>\n\n<h2>5. Black Rhino (Diceros bicornis)</h2>\n<p><strong>Where:</strong> Ngorongoro Crater (best chance), Serengeti (rare), specialized Rhino sanctuary tours</p>\n<p><strong>When:</strong> Year-round, but the Crater population is resident and visible most days</p>\n<p><strong>Tracking Tips:</strong> The Ngorongoro Crater is home to approximately 25–30 black rhinos, one of the most reliable places in Africa to find them. Your guide will communicate with other vehicles and rangers to track recent sightings. Patience is essential—rhinos are solitary and can be elusive.</p>\n\n<info-box>Rhino conservation in Tanzania is critical. The Ngorongoro population is carefully monitored, and strict viewing protocols are enforced to minimize stress on the animals. Always maintain a respectful distance and never pressure your guide to get closer.</info-box>\n\n<h2>The Big Five in One Safari</h2>\n<p>A 6–7 day Northern Circuit safari (Tarangire → Serengeti → Ngorongoro) gives you the best chance to see all five. Elephant and buffalo are almost guaranteed. Lion and leopard are highly likely. Rhino requires luck and timing, but the Ngorongoro Crater offers your best shot.</p>','http://localhost:8000/storage/blog/XeDqDeZJstFPgSBpnhocCs9lSu7RwEoGzJKQIxzz.jpg','A practical guide to finding lion, leopard, elephant, buffalo, and rhino in Tanzania\'s national parks. Expert tracking tips included.','Big Five, Lion, Leopard, Elephant, Buffalo, Rhino, Wildlife Tracking, Serengeti, Ngorongoro, Tarangire','Big Five of Tanzania: Where & When to Find Them All','Complete guide to finding lion, leopard, elephant, buffalo, and rhino in Tanzania. Expert tracking tips and best parks.','northern-serengeti-explorer','serengeti',1,'2026-04-03 19:51:46','2026-04-08 07:57:47'),(23,'Kilimanjaro Climbing: Routes, Difficulty & What to Expect','kilimanjaro-climbing-routes-guide','Kilimanjaro','Safari Team','2026-04-08','published',4120,'<h2>Mount Kilimanjaro at a Glance</h2>\n<p>At 5,895 meters (19,341 feet), Kilimanjaro is the highest free-standing mountain in the world and the highest peak in Africa. It is a dormant volcano with three volcanic cones: Kibo (the summit), Mawenzi, and Shira. Unlike other major peaks, Kilimanjaro does not require technical climbing skills—it is a trekking mountain. However, altitude sickness remains the primary reason for failure.</p>\n\n<h2>The Routes Compared</h2>\n\n<h3>1. Machame Route (The \"Whiskey Route\")</h3>\n<p><strong>Duration:</strong> 6–7 days</p>\n<p><strong>Difficulty:</strong> Moderate to Challenging</p>\n<p><strong>Success Rate:</strong> 85% (7-day), 70% (6-day)</p>\n<p><strong>Best For:</strong> Fit hikers who want scenic variety and good acclimatization</p>\n<p><strong>Overview:</strong> The most popular route. Machame offers stunning views, diverse ecosystems, and excellent acclimatization due to the \"climb high, sleep low\" profile. The final summit push is steep and begins at midnight.</p>\n\n<h3>2. Marangu Route (The \"Coca-Cola Route\")</h3>\n<p><strong>Duration:</strong> 5–6 days</p>\n<p><strong>Difficulty:</strong> Moderate</p>\n<p><strong>Success Rate:</strong> 65% (5-day), 75% (6-day)</p>\n<p><strong>Best For:</strong> Budget-conscious climbers who prefer hut accommodation</p>\n<p><strong>Overview:</strong> The only route with hut accommodation (no tents). It is the shortest and least expensive, but also has the lowest success rate due to poor acclimatization. The ascent and descent follow the same path.</p>\n\n<h3>3. Lemosho Route</h3>\n<p><strong>Duration:</strong> 7–8 days</p>\n<p><strong>Difficulty:</strong> Moderate to Challenging</p>\n<p><strong>Success Rate:</strong> 90% (8-day), 85% (7-day)</p>\n<p><strong>Best For:</strong> Climbers prioritizing success rate and scenic beauty</p>\n<p><strong>Overview:</strong> The most scenic and least crowded route. Lemosho approaches from the west, traversing the Shira Plateau before joining the Machame path near Barranco. Highly recommended for first-time climbers.</p>\n\n<h3>4. Rongai Route</h3>\n<p><strong>Duration:</strong> 6–7 days</p>\n<p><strong>Difficulty:</strong> Moderate</p>\n<p><strong>Success Rate:</strong> 80%</p>\n<p><strong>Best For:</strong> Climbers during the rainy season (this route is drier)</p>\n<p><strong>Overview:</strong> The only route approaching from the north, near the Kenya border. It is drier and less scenic than the southern routes but offers a more remote experience.</p>\n\n<h2>Altitude Sickness: The Real Enemy</h2>\n<p>Acute Mountain Sickness (AMS) affects 25–50% of climbers above 3,500 meters. Symptoms include headache, nausea, dizziness, and fatigue. Prevention strategies:</p>\n<ul>\n<li>Choose a 7+ day itinerary for better acclimatization</li>\n<li>Walk pole pole (slowly in Swahili)—your guides will enforce this</li>\n<li>Stay hydrated (3–4 liters per day)</li>\n<li>Consider Diamox (acetazolamide) after consulting your doctor</li>\n<li>Listen to your body—turning back is not failure, it is wisdom</li>\n</ul>\n\n<h2>What to Pack</h2>\n<p>Essential gear includes: layered clothing (temperatures range from 25°C at the gate to -20°C at the summit), waterproof jacket, sleeping bag rated to -15°C, headlamp with extra batteries, trekking poles, and high-SPF sunscreen. Your operator should provide a detailed packing list.</p>\n\n<p>Kilimanjaro is not just a physical challenge—it is a mental journey. The moment you reach Uhuru Peak at sunrise, with the curvature of the Earth visible beneath you and the clouds stretching to the horizon, every step becomes worth it.</p>','<h2>Mount Kilimanjaro at a Glance</h2>\n<p>At 5,895 meters (19,341 feet), Kilimanjaro is the highest free-standing mountain in the world and the highest peak in Africa. It is a dormant volcano with three volcanic cones: Kibo (the summit), Mawenzi, and Shira. Unlike other major peaks, Kilimanjaro does not require technical climbing skills—it is a trekking mountain. However, altitude sickness remains the primary reason for failure.</p>\n\n<h2>The Routes Compared</h2>\n\n<h3>1. Machame Route (The \"Whiskey Route\")</h3>\n<p><strong>Duration:</strong> 6–7 days</p>\n<p><strong>Difficulty:</strong> Moderate to Challenging</p>\n<p><strong>Success Rate:</strong> 85% (7-day), 70% (6-day)</p>\n<p><strong>Best For:</strong> Fit hikers who want scenic variety and good acclimatization</p>\n<p><strong>Overview:</strong> The most popular route. Machame offers stunning views, diverse ecosystems, and excellent acclimatization due to the \"climb high, sleep low\" profile. The final summit push is steep and begins at midnight.</p>\n\n<h3>2. Marangu Route (The \"Coca-Cola Route\")</h3>\n<p><strong>Duration:</strong> 5–6 days</p>\n<p><strong>Difficulty:</strong> Moderate</p>\n<p><strong>Success Rate:</strong> 65% (5-day), 75% (6-day)</p>\n<p><strong>Best For:</strong> Budget-conscious climbers who prefer hut accommodation</p>\n<p><strong>Overview:</strong> The only route with hut accommodation (no tents). It is the shortest and least expensive, but also has the lowest success rate due to poor acclimatization. The ascent and descent follow the same path.</p>\n\n<h3>3. Lemosho Route</h3>\n<p><strong>Duration:</strong> 7–8 days</p>\n<p><strong>Difficulty:</strong> Moderate to Challenging</p>\n<p><strong>Success Rate:</strong> 90% (8-day), 85% (7-day)</p>\n<p><strong>Best For:</strong> Climbers prioritizing success rate and scenic beauty</p>\n<p><strong>Overview:</strong> The most scenic and least crowded route. Lemosho approaches from the west, traversing the Shira Plateau before joining the Machame path near Barranco. Highly recommended for first-time climbers.</p>\n\n<h3>4. Rongai Route</h3>\n<p><strong>Duration:</strong> 6–7 days</p>\n<p><strong>Difficulty:</strong> Moderate</p>\n<p><strong>Success Rate:</strong> 80%</p>\n<p><strong>Best For:</strong> Climbers during the rainy season (this route is drier)</p>\n<p><strong>Overview:</strong> The only route approaching from the north, near the Kenya border. It is drier and less scenic than the southern routes but offers a more remote experience.</p>\n\n<h2>Altitude Sickness: The Real Enemy</h2>\n<p>Acute Mountain Sickness (AMS) affects 25–50% of climbers above 3,500 meters. Symptoms include headache, nausea, dizziness, and fatigue. Prevention strategies:</p>\n<ul>\n<li>Choose a 7+ day itinerary for better acclimatization</li>\n<li>Walk pole pole (slowly in Swahili)—your guides will enforce this</li>\n<li>Stay hydrated (3–4 liters per day)</li>\n<li>Consider Diamox (acetazolamide) after consulting your doctor</li>\n<li>Listen to your body—turning back is not failure, it is wisdom</li>\n</ul>\n\n<h2>What to Pack</h2>\n<p>Essential gear includes: layered clothing (temperatures range from 25°C at the gate to -20°C at the summit), waterproof jacket, sleeping bag rated to -15°C, headlamp with extra batteries, trekking poles, and high-SPF sunscreen. Your operator should provide a detailed packing list.</p>\n\n<p>Kilimanjaro is not just a physical challenge—it is a mental journey. The moment you reach Uhuru Peak at sunrise, with the curvature of the Earth visible beneath you and the clouds stretching to the horizon, every step becomes worth it.</p>','http://localhost:8000/storage/blog/Whi8jx2DlgEEJlIh05P2CfkGdbkCFCbXKrnAgyRg.jpg','A comprehensive breakdown of every Kilimanjaro route, success rates, difficulty levels, and preparation tips for first-time climbers.','Kilimanjaro, Mountain Climbing, Machame, Marangu, Lemosho, Altitude Sickness, Trekking','Kilimanjaro Climbing Guide: Routes, Difficulty & Preparation','Complete Kilimanjaro climbing guide. Compare routes, success rates, difficulty, altitude sickness prevention, and packing tips.',NULL,'kilimanjaro',1,'2026-04-03 19:51:46','2026-04-08 08:00:42');
/*!40000 ALTER TABLE `blog_posts` ENABLE KEYS */;
UNLOCK TABLES;

--
-- Table structure for table `bookings`
--

DROP TABLE IF EXISTS `bookings`;
/*!40101 SET @saved_cs_client     = @@character_set_client */;
/*!50503 SET character_set_client = utf8mb4 */;
CREATE TABLE `bookings` (
  `id` bigint unsigned NOT NULL AUTO_INCREMENT,
  `ref` varchar(255) COLLATE utf8mb4_unicode_ci NOT NULL,
  `guest_name` varchar(255) COLLATE utf8mb4_unicode_ci NOT NULL,
  `email` varchar(255) COLLATE utf8mb4_unicode_ci NOT NULL,
  `whatsapp` varchar(255) COLLATE utf8mb4_unicode_ci DEFAULT NULL,
  `country` varchar(255) COLLATE utf8mb4_unicode_ci DEFAULT NULL,
  `safari_id` bigint unsigned DEFAULT NULL,
  `safari_name` varchar(255) COLLATE utf8mb4_unicode_ci DEFAULT NULL,
  `departure_date` date DEFAULT NULL,
  `return_date` date DEFAULT NULL,
  `pax` int NOT NULL DEFAULT '1',
  `children` int NOT NULL DEFAULT '0',
  `total_amount` decimal(10,2) NOT NULL DEFAULT '0.00',
  `deposit_paid` decimal(10,2) NOT NULL DEFAULT '0.00',
  `balance_due` decimal(10,2) NOT NULL DEFAULT '0.00',
  `status` varchar(255) COLLATE utf8mb4_unicode_ci NOT NULL DEFAULT 'pending',
  `payment_status` varchar(255) COLLATE utf8mb4_unicode_ci NOT NULL DEFAULT 'unpaid',
  `group_type` varchar(255) COLLATE utf8mb4_unicode_ci DEFAULT NULL,
  `guide` varchar(255) COLLATE utf8mb4_unicode_ci DEFAULT NULL,
  `notes` json DEFAULT NULL,
  `accommodation_tier` varchar(255) COLLATE utf8mb4_unicode_ci DEFAULT NULL,
  `created_at` timestamp NULL DEFAULT NULL,
  `updated_at` timestamp NULL DEFAULT NULL,
  PRIMARY KEY (`id`),
  UNIQUE KEY `bookings_ref_unique` (`ref`),
  KEY `bookings_safari_id_foreign` (`safari_id`),
  CONSTRAINT `bookings_safari_id_foreign` FOREIGN KEY (`safari_id`) REFERENCES `safaris` (`id`) ON DELETE SET NULL
) ENGINE=InnoDB AUTO_INCREMENT=10 DEFAULT CHARSET=utf8mb4 COLLATE=utf8mb4_unicode_ci;
/*!40101 SET character_set_client = @saved_cs_client */;

--
-- Dumping data for table `bookings`
--

LOCK TABLES `bookings` WRITE;
/*!40000 ALTER TABLE `bookings` DISABLE KEYS */;
/*!40000 ALTER TABLE `bookings` ENABLE KEYS */;
UNLOCK TABLES;

--
-- Table structure for table `cache`
--

DROP TABLE IF EXISTS `cache`;
/*!40101 SET @saved_cs_client     = @@character_set_client */;
/*!50503 SET character_set_client = utf8mb4 */;
CREATE TABLE `cache` (
  `key` varchar(255) COLLATE utf8mb4_unicode_ci NOT NULL,
  `value` mediumtext COLLATE utf8mb4_unicode_ci NOT NULL,
  `expiration` bigint NOT NULL,
  PRIMARY KEY (`key`),
  KEY `cache_expiration_index` (`expiration`)
) ENGINE=InnoDB DEFAULT CHARSET=utf8mb4 COLLATE=utf8mb4_unicode_ci;
/*!40101 SET character_set_client = @saved_cs_client */;

--
-- Dumping data for table `cache`
--

LOCK TABLES `cache` WRITE;
/*!40000 ALTER TABLE `cache` DISABLE KEYS */;
INSERT INTO `cache` VALUES ('ronjoo-safaris-cache-356a192b7913b04c54574d18c28d46e6395428ab','i:1;',1775716271),('ronjoo-safaris-cache-356a192b7913b04c54574d18c28d46e6395428ab:timer','i:1775716271;',1775716271),('ronjoo-safaris-cache-5c785c036466adea360111aa28563bfd556b5fba','i:6;',1775715384),('ronjoo-safaris-cache-5c785c036466adea360111aa28563bfd556b5fba:timer','i:1775715384;',1775715384);
/*!40000 ALTER TABLE `cache` ENABLE KEYS */;
UNLOCK TABLES;

--
-- Table structure for table `cache_locks`
--

DROP TABLE IF EXISTS `cache_locks`;
/*!40101 SET @saved_cs_client     = @@character_set_client */;
/*!50503 SET character_set_client = utf8mb4 */;
CREATE TABLE `cache_locks` (
  `key` varchar(255) COLLATE utf8mb4_unicode_ci NOT NULL,
  `owner` varchar(255) COLLATE utf8mb4_unicode_ci NOT NULL,
  `expiration` bigint NOT NULL,
  PRIMARY KEY (`key`),
  KEY `cache_locks_expiration_index` (`expiration`)
) ENGINE=InnoDB DEFAULT CHARSET=utf8mb4 COLLATE=utf8mb4_unicode_ci;
/*!40101 SET character_set_client = @saved_cs_client */;

--
-- Dumping data for table `cache_locks`
--

LOCK TABLES `cache_locks` WRITE;
/*!40000 ALTER TABLE `cache_locks` DISABLE KEYS */;
/*!40000 ALTER TABLE `cache_locks` ENABLE KEYS */;
UNLOCK TABLES;

--
-- Table structure for table `departures`
--

DROP TABLE IF EXISTS `departures`;
/*!40101 SET @saved_cs_client     = @@character_set_client */;
/*!50503 SET character_set_client = utf8mb4 */;
CREATE TABLE `departures` (
  `id` bigint unsigned NOT NULL AUTO_INCREMENT,
  `safari_id` bigint unsigned DEFAULT NULL,
  `safari_name` varchar(255) COLLATE utf8mb4_unicode_ci DEFAULT NULL,
  `start_date` date NOT NULL,
  `end_date` date NOT NULL,
  `total_seats` int NOT NULL DEFAULT '0',
  `booked_seats` int NOT NULL DEFAULT '0',
  `status` varchar(255) COLLATE utf8mb4_unicode_ci NOT NULL DEFAULT 'open',
  `revenue` decimal(10,2) NOT NULL DEFAULT '0.00',
  `projected_revenue` decimal(10,2) NOT NULL DEFAULT '0.00',
  `guide` varchar(255) COLLATE utf8mb4_unicode_ci DEFAULT NULL,
  `guests` json DEFAULT NULL,
  `waitlist` json DEFAULT NULL,
  `created_at` timestamp NULL DEFAULT NULL,
  `updated_at` timestamp NULL DEFAULT NULL,
  PRIMARY KEY (`id`),
  KEY `departures_safari_id_foreign` (`safari_id`),
  CONSTRAINT `departures_safari_id_foreign` FOREIGN KEY (`safari_id`) REFERENCES `safaris` (`id`) ON DELETE SET NULL
) ENGINE=InnoDB AUTO_INCREMENT=23 DEFAULT CHARSET=utf8mb4 COLLATE=utf8mb4_unicode_ci;
/*!40101 SET character_set_client = @saved_cs_client */;

--
-- Dumping data for table `departures`
--

LOCK TABLES `departures` WRITE;
/*!40000 ALTER TABLE `departures` DISABLE KEYS */;
INSERT INTO `departures` VALUES (11,67,'Serengeti & Ngorongoro Express','2026-09-05','2026-09-09',6,1,'open',4255.00,25530.00,'Grace Ngowi','[]','[]','2026-04-03 19:51:46','2026-04-03 19:51:46'),(12,72,'Safari & Zanzibar Beach Holiday','2026-10-10','2026-10-23',4,2,'open',18250.00,36500.00,'Baraka Mrema','[]','[]','2026-04-03 19:51:46','2026-04-03 19:51:46'),(16,71,'Fly-In Serengeti Safari','2026-09-15','2026-09-18',6,2,'open',11170.00,33510.00,'Daniel Kimaro','[]','[]','2026-04-03 19:51:46','2026-04-03 19:51:46'),(21,75,'Mikumi Safari with SGR Train Experience','2026-04-10','2026-04-12',3,0,'open',0.00,0.00,NULL,'[]','[]','2026-04-08 09:51:05','2026-04-08 09:51:05'),(22,66,'Classic Tanzania Safari','2026-04-12','2026-04-22',6,0,'open',0.00,0.00,NULL,'[]','[]','2026-04-08 09:51:56','2026-04-08 09:51:56');
/*!40000 ALTER TABLE `departures` ENABLE KEYS */;
UNLOCK TABLES;

--
-- Table structure for table `destination_accommodations`
--

DROP TABLE IF EXISTS `destination_accommodations`;
/*!40101 SET @saved_cs_client     = @@character_set_client */;
/*!50503 SET character_set_client = utf8mb4 */;
CREATE TABLE `destination_accommodations` (
  `id` bigint unsigned NOT NULL AUTO_INCREMENT,
  `destination_id` bigint unsigned NOT NULL,
  `name` varchar(255) COLLATE utf8mb4_unicode_ci NOT NULL,
  `tier` varchar(255) COLLATE utf8mb4_unicode_ci DEFAULT NULL,
  `stars` tinyint unsigned DEFAULT NULL,
  `description` text COLLATE utf8mb4_unicode_ci,
  `amenities` json DEFAULT NULL,
  `image` varchar(255) COLLATE utf8mb4_unicode_ci DEFAULT NULL,
  `created_at` timestamp NULL DEFAULT NULL,
  `updated_at` timestamp NULL DEFAULT NULL,
  PRIMARY KEY (`id`),
  KEY `destination_accommodations_destination_id_foreign` (`destination_id`),
  CONSTRAINT `destination_accommodations_destination_id_foreign` FOREIGN KEY (`destination_id`) REFERENCES `destinations` (`id`) ON DELETE CASCADE
) ENGINE=InnoDB AUTO_INCREMENT=94 DEFAULT CHARSET=utf8mb4 COLLATE=utf8mb4_unicode_ci;
/*!40101 SET character_set_client = @saved_cs_client */;

--
-- Dumping data for table `destination_accommodations`
--

LOCK TABLES `destination_accommodations` WRITE;
/*!40000 ALTER TABLE `destination_accommodations` DISABLE KEYS */;
INSERT INTO `destination_accommodations` VALUES (64,14,'Gran Melia Arusha','Premium',5,NULL,'[]','https://images.unsplash.com/photo-1493246507139-91e8bef99c17?w=640&q=80','2026-04-07 09:31:14','2026-04-07 09:31:14'),(65,14,'Legendary Lodge','Premium',5,NULL,'[]','https://images.unsplash.com/photo-1523906834658-6e24ef2386f9?w=640&q=80','2026-04-07 09:31:14','2026-04-07 09:31:14'),(66,14,'Arusha Coffee Lodge','Superior',5,NULL,'[]','https://images.unsplash.com/photo-1520250497591-112f2f40a3f4?w=640&q=80','2026-04-07 09:31:14','2026-04-07 09:31:14'),(67,15,'andBeyond Lake Manyara Camp','Premium',5,NULL,'[]','https://images.unsplash.com/photo-1493246507139-91e8bef99c17?w=640&q=80','2026-04-07 09:39:09','2026-04-07 09:39:09'),(68,15,'Manyara Serena Safari Lodge','Superior',5,NULL,'[]','https://images.unsplash.com/photo-1523906834658-6e24ef2386f9?w=640&q=80','2026-04-07 09:39:09','2026-04-07 09:39:09'),(69,15,'Lake Manyara Wildlife Lodge','Standard',5,NULL,'[]','https://images.unsplash.com/photo-1520250497591-112f2f40a3f4?w=640&q=80','2026-04-07 09:39:09','2026-04-07 09:39:09'),(70,16,'Kilimanjaro Wonders Hotel','Premium',5,NULL,'[]','https://images.unsplash.com/photo-1493246507139-91e8bef99c17?w=640&q=80','2026-04-07 09:41:16','2026-04-07 09:41:16'),(71,16,'Pink Flamingo Boutique','Superior',5,NULL,'[]','https://images.unsplash.com/photo-1523906834658-6e24ef2386f9?w=640&q=80','2026-04-07 09:41:16','2026-04-07 09:41:16'),(72,16,'Kaliwa Lodge','Standard',5,NULL,'[]','https://images.unsplash.com/photo-1520250497591-112f2f40a3f4?w=640&q=80','2026-04-07 09:41:16','2026-04-07 09:41:16'),(73,12,'Melia Lodge Ngorongoro','Premium',5,NULL,'[]','https://images.unsplash.com/photo-1493246507139-91e8bef99c17?w=640&q=80','2026-04-07 09:44:09','2026-04-07 09:44:09'),(74,12,'The Manor at Karatu','Superior',5,NULL,'[]','https://images.unsplash.com/photo-1523906834658-6e24ef2386f9?w=640&q=80','2026-04-07 09:44:09','2026-04-07 09:44:09'),(75,12,'Neptune Lodge Karatu','Standard',4,NULL,'[]','https://images.unsplash.com/photo-1520250497591-112f2f40a3f4?w=640&q=80','2026-04-07 09:44:09','2026-04-07 09:44:09'),(76,11,'Four Seasons Safari Lodge','Premium',5,NULL,'[]','https://images.unsplash.com/photo-1493246507139-91e8bef99c17?w=640&q=80','2026-04-07 09:47:08','2026-04-07 09:47:08'),(77,11,'Serengeti Explorer','Superior',4,NULL,'[]','https://images.unsplash.com/photo-1523906834658-6e24ef2386f9?w=640&q=80','2026-04-07 09:47:08','2026-04-07 09:47:08'),(78,11,'Lake Magadi Lodge','Standard',5,NULL,'[]','https://images.unsplash.com/photo-1520250497591-112f2f40a3f4?w=640&q=80','2026-04-07 09:47:08','2026-04-07 09:47:08'),(79,13,'Tarangire Treetops','Premium',5,NULL,'[]','https://images.unsplash.com/photo-1493246507139-91e8bef99c17?w=640&q=80','2026-04-07 09:52:18','2026-04-07 09:52:18'),(80,13,'Kilimamoja Lodge','Superior',5,NULL,'[]','https://images.unsplash.com/photo-1523906834658-6e24ef2386f9?w=640&q=80','2026-04-07 09:52:18','2026-04-07 09:52:18'),(81,13,'Tarangire Safari Lodge','Standard',5,NULL,'[]','https://images.unsplash.com/photo-1520250497591-112f2f40a3f4?w=640&q=80','2026-04-07 09:52:18','2026-04-07 09:52:18'),(82,20,'Mikumi Luxury Camp','Premium',5,NULL,'[]','https://images.unsplash.com/photo-1493246507139-91e8bef99c17?w=640&q=80','2026-04-07 09:54:43','2026-04-07 09:54:43'),(83,20,'Stanley\'s Kopje','Superior',5,NULL,'[]','https://images.unsplash.com/photo-1523906834658-6e24ef2386f9?w=640&q=80','2026-04-07 09:54:43','2026-04-07 09:54:43'),(84,20,'Mikumi Wildlife Lodge','Standard',5,NULL,'[]','https://images.unsplash.com/photo-1520250497591-112f2f40a3f4?w=640&q=80','2026-04-07 09:54:43','2026-04-07 09:54:43'),(85,18,'Roho ya Selous','Premium',5,NULL,'[]','https://images.unsplash.com/photo-1493246507139-91e8bef99c17?w=640&q=80','2026-04-07 09:57:04','2026-04-07 09:57:04'),(86,18,'Sand Rivers Selous','Superior',5,NULL,'[]','https://images.unsplash.com/photo-1523906834658-6e24ef2386f9?w=640&q=80','2026-04-07 09:57:04','2026-04-07 09:57:04'),(87,18,'Rufiji River Camp','Standard',5,NULL,'[]','https://images.unsplash.com/photo-1520250497591-112f2f40a3f4?w=640&q=80','2026-04-07 09:57:04','2026-04-07 09:57:04'),(88,17,'Jabali Ridge','Premium',5,NULL,'[]','https://images.unsplash.com/photo-1493246507139-91e8bef99c17?w=640&q=80','2026-04-07 09:59:41','2026-04-07 09:59:41'),(89,17,'Ruaha River Lodge','Superior',4,NULL,'[]','https://images.unsplash.com/photo-1523906834658-6e24ef2386f9?w=640&q=80','2026-04-07 09:59:41','2026-04-07 09:59:41'),(90,17,'Mdonya Old River Camp','Standard',5,NULL,'[]','https://images.unsplash.com/photo-1520250497591-112f2f40a3f4?w=640&q=80','2026-04-07 09:59:41','2026-04-07 09:59:41'),(91,19,'The Residence Zanzibar','Premium',5,NULL,'[]','https://images.unsplash.com/photo-1493246507139-91e8bef99c17?w=640&q=80','2026-04-07 10:03:22','2026-04-07 10:03:22'),(92,19,'Zuri Zanzibar','Superior',5,NULL,'[]','https://images.unsplash.com/photo-1523906834658-6e24ef2386f9?w=640&q=80','2026-04-07 10:03:22','2026-04-07 10:03:22'),(93,19,'Tembo House Hotel','Standard',5,NULL,'[]','https://images.unsplash.com/photo-1520250497591-112f2f40a3f4?w=640&q=80','2026-04-07 10:03:22','2026-04-07 10:03:22');
/*!40000 ALTER TABLE `destination_accommodations` ENABLE KEYS */;
UNLOCK TABLES;

--
-- Table structure for table `destination_faqs`
--

DROP TABLE IF EXISTS `destination_faqs`;
/*!40101 SET @saved_cs_client     = @@character_set_client */;
/*!50503 SET character_set_client = utf8mb4 */;
CREATE TABLE `destination_faqs` (
  `id` bigint unsigned NOT NULL AUTO_INCREMENT,
  `destination_id` bigint unsigned NOT NULL,
  `question` varchar(255) COLLATE utf8mb4_unicode_ci NOT NULL,
  `answer` text COLLATE utf8mb4_unicode_ci NOT NULL,
  `created_at` timestamp NULL DEFAULT NULL,
  `updated_at` timestamp NULL DEFAULT NULL,
  PRIMARY KEY (`id`),
  KEY `destination_faqs_destination_id_foreign` (`destination_id`),
  CONSTRAINT `destination_faqs_destination_id_foreign` FOREIGN KEY (`destination_id`) REFERENCES `destinations` (`id`) ON DELETE CASCADE
) ENGINE=InnoDB AUTO_INCREMENT=94 DEFAULT CHARSET=utf8mb4 COLLATE=utf8mb4_unicode_ci;
/*!40101 SET character_set_client = @saved_cs_client */;

--
-- Dumping data for table `destination_faqs`
--

LOCK TABLES `destination_faqs` WRITE;
/*!40000 ALTER TABLE `destination_faqs` DISABLE KEYS */;
INSERT INTO `destination_faqs` VALUES (64,14,'How close is Arusha NP to the city?','It is remarkably close, usually a 45-60 minute drive from the city centre, making it the perfect choice for a day trip or a short introduction to the Tanzanian wild.','2026-04-07 09:31:14','2026-04-07 09:31:14'),(65,14,'Is it possible to hike Mt. Meru?','Yes, Arusha NP is the gateway for Mt. Meru climbs. It usually takes 3 to 4 days to reach the summit, and it is considered a great warm-up for Mt. Kilimanjaro.','2026-04-07 09:31:14','2026-04-07 09:31:14'),(66,14,'Are there elephants in Arusha NP?','While elephants are present, they are more elusive here than in Tarangire or Serengeti. You are much more likely to see giraffes, buffalos, and colobus monkeys.','2026-04-07 09:31:14','2026-04-07 09:31:14'),(67,15,'Are there really tree-climbing lions in Manyara?','Yes, Manyara is one of the few places in Africa where you can reliably see lions resting in trees. It is believed they do this to avoid ground insects and enjoy the cooler breeze.','2026-04-07 09:39:09','2026-04-07 09:39:09'),(68,15,'Is a half-day safari enough for Manyara?','While Manyara is compact and can be explored in a few hours, a full day allows you to see the different zones, from the forest to the lake shore, and enjoy a picnic lunch in the wild.','2026-04-07 09:39:09','2026-04-07 09:39:09'),(69,15,'Can we see rhinos in Manyara?','No, rhinos are not present in Lake Manyara National Park. For rhino sightings, we recommend visiting the Ngorongoro Crater or the Serengeti.','2026-04-07 09:39:09','2026-04-07 09:39:09'),(70,16,'How hard is it to climb Kilimanjaro?','While it requires a good level of fitness and mental determination, it is a \"trekking\" mountain rather than a technical climb. The biggest challenge is acclimatizing to the high altitude.','2026-04-07 09:41:16','2026-04-07 09:41:16'),(71,16,'Which is the best route for beginners?','The Machame and Lemosho routes are highly recommended as they provide extra days for acclimatization, increasing your chances of a successful summit.','2026-04-07 09:41:16','2026-04-07 09:41:16'),(72,16,'What is the best time of year to climb?','The driest and clearest months are January through March and June through September. These windows offer the best visibility and safer trekking conditions.','2026-04-07 09:41:16','2026-04-07 09:41:16'),(73,12,'How long should I spend at Ngorongoro?','Most visitors find that one full game drive on the crater floor is sufficient, which usually takes about 6 hours. However, staying for two nights allows you to explore the highlands and surrounding craters.','2026-04-07 09:44:09','2026-04-07 09:44:09'),(74,12,'Can I see the Big Five in one day here?','Yes, Ngorongoro is one of the few places in the world where it is possible to see all Big Five animals (Lion, Leopard, Elephant, Buffalo, and Rhino) in a single game drive.','2026-04-07 09:44:09','2026-04-07 09:44:09'),(75,12,'Is it cold at Ngorongoro?','Yes, because of the high elevation of the rim (2,200m), mornings and evenings can be very cold, even in the summer. Bring a warm fleece and jacket for your morning descent.','2026-04-07 09:44:09','2026-04-07 09:44:09'),(76,11,'When is the best time for the Great Migration?','The best time for river crossings is between July and October in the north. Calving happens in the south from late January to February.','2026-04-07 09:47:08','2026-04-07 09:47:08'),(77,11,'How do I get to the Serengeti?','Most travellers fly from Arusha directly into one of the several airstrips, or drive via the Ngorongoro Conservation Area.','2026-04-07 09:47:08','2026-04-07 09:47:08'),(78,11,'Is it safe for families?','Yes, many lodges are family-friendly and provide safe environments, though we recommend children be at least 6 years old for full game drives.','2026-04-07 09:47:08','2026-04-07 09:47:08'),(79,13,'Is Tarangire worth visiting?','Absolutely. It is often cited as a favorite by safari enthusiasts because of its high wildlife concentration and iconic baobab trees. It feels more wild and less crowded than some other northern parks.','2026-04-07 09:52:18','2026-04-07 09:52:18'),(80,13,'When do the elephants arrive?','While elephants are resident year-round, the massive herds begin to congregate along the river as the surrounding water sources dry up, usually starting in late June or July.','2026-04-07 09:52:18','2026-04-07 09:52:18'),(81,13,'Can we do a night game drive here?','Yes, some of the private concessions bordering the park or specific lodges like Treetops offer guided night game drives, which are a thrilling way to see nocturnal animals like porcupines and leopards.','2026-04-07 09:52:18','2026-04-07 09:52:18'),(82,20,'How long is the train journey to Mikumi?','The new SGR train from Dar es Salaam to Morogoro takes approximately 1.5 to 2 hours, making it incredibly convenient for weekend safaris.','2026-04-07 09:54:43','2026-04-07 09:54:43'),(83,20,'Can I see the Big Five in Mikumi?','You can see four of the Big Five: Lion, Leopard, Elephant, and Buffalo. Rhinos are not present in the park.','2026-04-07 09:54:43','2026-04-07 09:54:43'),(84,20,'Is Mikumi a good alternative to the Serengeti?','Yes, for those with limited time or staying in southern Tanzania, Mikumi offers a very similar savanna experience with much easier access.','2026-04-07 09:54:43','2026-04-07 09:54:43'),(85,18,'What makes Selous different from the Serengeti?','Selous is much more watery and lush, with activities centered around the river and lakes. Boat safaris are a major highlight here, which are not possible in the Serengeti.','2026-04-07 09:57:04','2026-04-07 09:57:04'),(86,18,'Is it possible to see wild dogs in Selous?','Yes, Selous is one of the best locations in Africa to find the endangered wild dog, as they thrive in the reserve\'s varied habitats.','2026-04-07 09:57:04','2026-04-07 09:57:04'),(87,18,'Is a boat safari safe?','Yes, all boat safaris are conducted by experienced guides in sturdy boats designed for the river. You will remain a safe distance from hippos and crocodiles.','2026-04-07 09:57:04','2026-04-07 09:57:04'),(88,17,'Is Ruaha better than the Serengeti?','It\'s different. While Serengeti has the migration, Ruaha offers a more rugged, remote wilderness feel with fewer tourists and exceptionally large lion prides.','2026-04-07 09:59:41','2026-04-07 09:59:41'),(89,17,'Can we see wild dogs in Ruaha?','Yes, Ruaha is one of the premier locations in Tanzania for seeing African wild dogs, though they are highly mobile and sightings are never guaranteed.','2026-04-07 09:59:41','2026-04-07 09:59:41'),(90,17,'How do I get to Ruaha?','The only practical way to reach Ruaha is by light aircraft from Dar es Salaam, Zanzibar, or Arusha, landing at one of the park\'s bush airstrips.','2026-04-07 09:59:41','2026-04-07 09:59:41'),(91,19,'Is Zanzibar a separate country?','No, Zanzibar is a semi-autonomous part of the United Republic of Tanzania. It has its own president and government but shares a common visa and federal representation.','2026-04-07 10:03:22','2026-04-07 10:03:22'),(92,19,'How do I get to Stone Town from the airport?','Stone Town is a short 15-20 minute drive from Abeid Amani Karume International Airport (ZNZ). Taxis and hotel transfers are readily available.','2026-04-07 10:03:22','2026-04-07 10:03:22'),(93,19,'What should I wear in Zanzibar?','While beachwear is fine at resorts, Zanzibar is a conservative culture. We recommend covering shoulders and knees when exploring Stone Town or local villages out of respect.','2026-04-07 10:03:22','2026-04-07 10:03:22');
/*!40000 ALTER TABLE `destination_faqs` ENABLE KEYS */;
UNLOCK TABLES;

--
-- Table structure for table `destination_wildlife`
--

DROP TABLE IF EXISTS `destination_wildlife`;
/*!40101 SET @saved_cs_client     = @@character_set_client */;
/*!50503 SET character_set_client = utf8mb4 */;
CREATE TABLE `destination_wildlife` (
  `id` bigint unsigned NOT NULL AUTO_INCREMENT,
  `destination_id` bigint unsigned NOT NULL,
  `wildlife_id` bigint unsigned NOT NULL,
  `likelihood` varchar(255) COLLATE utf8mb4_unicode_ci NOT NULL DEFAULT 'Common',
  `custom_fact` text COLLATE utf8mb4_unicode_ci,
  `sort_order` int NOT NULL DEFAULT '0',
  `created_at` timestamp NULL DEFAULT NULL,
  `updated_at` timestamp NULL DEFAULT NULL,
  PRIMARY KEY (`id`),
  UNIQUE KEY `destination_wildlife_destination_id_wildlife_id_unique` (`destination_id`,`wildlife_id`),
  KEY `destination_wildlife_wildlife_id_foreign` (`wildlife_id`),
  CONSTRAINT `destination_wildlife_destination_id_foreign` FOREIGN KEY (`destination_id`) REFERENCES `destinations` (`id`) ON DELETE CASCADE,
  CONSTRAINT `destination_wildlife_wildlife_id_foreign` FOREIGN KEY (`wildlife_id`) REFERENCES `wildlife` (`id`) ON DELETE CASCADE
) ENGINE=InnoDB AUTO_INCREMENT=52 DEFAULT CHARSET=utf8mb4 COLLATE=utf8mb4_unicode_ci;
/*!40101 SET character_set_client = @saved_cs_client */;

--
-- Dumping data for table `destination_wildlife`
--

LOCK TABLES `destination_wildlife` WRITE;
/*!40000 ALTER TABLE `destination_wildlife` DISABLE KEYS */;
INSERT INTO `destination_wildlife` VALUES (1,11,1,'Very Common',NULL,0,'2026-04-07 08:27:20','2026-04-07 09:47:08'),(2,11,2,'Common',NULL,1,'2026-04-07 08:27:20','2026-04-07 09:47:08'),(3,11,3,'Common',NULL,2,'2026-04-07 08:27:20','2026-04-07 09:47:08'),(4,11,4,'Very Common',NULL,3,'2026-04-07 08:27:20','2026-04-07 09:47:08'),(5,11,5,'Rare',NULL,4,'2026-04-07 08:27:20','2026-04-07 09:47:08'),(6,12,5,'Common',NULL,0,'2026-04-07 08:27:20','2026-04-07 09:44:09'),(7,12,1,'Very Common',NULL,1,'2026-04-07 08:27:20','2026-04-07 09:44:09'),(8,12,6,'Very Common',NULL,2,'2026-04-07 08:27:20','2026-04-07 09:44:09'),(9,12,4,'Common',NULL,3,'2026-04-07 08:27:20','2026-04-07 09:44:09'),(10,12,7,'Common',NULL,4,'2026-04-07 08:27:20','2026-04-07 09:44:09'),(11,13,8,'Very Common',NULL,0,'2026-04-07 08:27:20','2026-04-07 09:52:18'),(12,13,1,'Common',NULL,1,'2026-04-07 08:27:20','2026-04-07 09:52:18'),(13,13,9,'Rare',NULL,2,'2026-04-07 08:27:20','2026-04-07 09:52:18'),(14,13,10,'Very Common',NULL,3,'2026-04-07 08:27:20','2026-04-07 09:52:18'),(15,13,2,'Common',NULL,4,'2026-04-07 08:27:20','2026-04-07 09:52:18'),(16,14,11,'Very Common',NULL,0,'2026-04-07 08:27:20','2026-04-07 09:31:14'),(17,14,10,'Very Common',NULL,1,'2026-04-07 08:27:20','2026-04-07 09:31:14'),(21,15,1,'Common',NULL,0,'2026-04-07 08:27:20','2026-04-07 09:39:09'),(22,15,7,'Very Common',NULL,1,'2026-04-07 08:27:20','2026-04-07 09:39:09'),(23,15,4,'Very Common',NULL,2,'2026-04-07 08:27:20','2026-04-07 09:39:09'),(24,15,14,'Very Common',NULL,3,'2026-04-07 08:27:20','2026-04-07 09:39:09'),(25,15,6,'Common',NULL,4,'2026-04-07 08:27:20','2026-04-07 09:39:09'),(26,16,11,'Common',NULL,0,'2026-04-07 08:27:20','2026-04-07 09:41:16'),(27,16,12,'Common',NULL,1,'2026-04-07 08:27:20','2026-04-07 09:41:16'),(28,16,15,'Very Common',NULL,2,'2026-04-07 08:27:20','2026-04-07 09:41:16'),(29,16,16,'Common',NULL,3,'2026-04-07 08:27:20','2026-04-07 09:41:16'),(30,16,4,'Rare',NULL,4,'2026-04-07 08:27:20','2026-04-07 09:41:16'),(31,17,1,'Very Common',NULL,0,'2026-04-07 08:27:20','2026-04-07 09:59:41'),(32,17,17,'Rare',NULL,1,'2026-04-07 08:27:20','2026-04-07 09:59:41'),(33,17,18,'Common',NULL,2,'2026-04-07 08:27:20','2026-04-07 09:59:41'),(34,17,4,'Very Common',NULL,3,'2026-04-07 08:27:20','2026-04-07 09:59:41'),(35,17,2,'Common',NULL,4,'2026-04-07 08:27:20','2026-04-07 09:59:41'),(36,18,17,'Common',NULL,0,'2026-04-07 08:27:20','2026-04-07 09:57:04'),(37,18,6,'Very Common',NULL,1,'2026-04-07 08:27:20','2026-04-07 09:57:04'),(38,18,19,'Very Common',NULL,2,'2026-04-07 08:27:20','2026-04-07 09:57:04'),(39,18,4,'Very Common',NULL,3,'2026-04-07 08:27:20','2026-04-07 09:57:04'),(40,18,1,'Common',NULL,4,'2026-04-07 08:27:20','2026-04-07 09:57:04'),(41,19,20,'Common',NULL,0,'2026-04-07 08:27:20','2026-04-07 10:03:22'),(42,19,21,'Common',NULL,1,'2026-04-07 08:27:20','2026-04-07 10:03:22'),(43,19,22,'Common',NULL,2,'2026-04-07 08:27:20','2026-04-07 10:03:22'),(44,19,23,'Very Common',NULL,3,'2026-04-07 08:27:20','2026-04-07 10:03:22'),(45,19,24,'Rare',NULL,4,'2026-04-07 08:27:20','2026-04-07 10:03:22'),(46,20,1,'Very Common',NULL,0,'2026-04-07 08:27:20','2026-04-07 09:54:43'),(47,20,4,'Very Common',NULL,1,'2026-04-07 08:27:20','2026-04-07 09:54:43'),(48,20,13,'Very Common',NULL,2,'2026-04-07 08:27:20','2026-04-07 09:54:43'),(49,20,10,'Common',NULL,3,'2026-04-07 08:27:20','2026-04-07 09:54:43'),(50,20,25,'Common',NULL,4,'2026-04-07 08:27:20','2026-04-07 09:54:43'),(51,14,14,'Common',NULL,2,'2026-04-07 08:39:29','2026-04-07 09:31:14');
/*!40000 ALTER TABLE `destination_wildlife` ENABLE KEYS */;
UNLOCK TABLES;

--
-- Table structure for table `destinations`
--

DROP TABLE IF EXISTS `destinations`;
/*!40101 SET @saved_cs_client     = @@character_set_client */;
/*!50503 SET character_set_client = utf8mb4 */;
CREATE TABLE `destinations` (
  `id` bigint unsigned NOT NULL AUTO_INCREMENT,
  `slug` varchar(255) COLLATE utf8mb4_unicode_ci NOT NULL,
  `name` varchar(255) COLLATE utf8mb4_unicode_ci NOT NULL,
  `region` varchar(255) COLLATE utf8mb4_unicode_ci DEFAULT NULL,
  `tagline` varchar(255) COLLATE utf8mb4_unicode_ci DEFAULT NULL,
  `area_stat` varchar(255) COLLATE utf8mb4_unicode_ci DEFAULT NULL,
  `area_label` varchar(255) COLLATE utf8mb4_unicode_ci DEFAULT NULL,
  `hero_image` varchar(255) COLLATE utf8mb4_unicode_ci DEFAULT NULL,
  `portrait_image` varchar(255) COLLATE utf8mb4_unicode_ci DEFAULT NULL,
  `pull_quote` text COLLATE utf8mb4_unicode_ci,
  `status` varchar(255) COLLATE utf8mb4_unicode_ci NOT NULL DEFAULT 'draft',
  `quick_facts` json DEFAULT NULL,
  `overview` text COLLATE utf8mb4_unicode_ci,
  `wildlife` json DEFAULT NULL,
  `months` json DEFAULT NULL,
  `seasons` json DEFAULT NULL,
  `experiences` json DEFAULT NULL,
  `gallery` json DEFAULT NULL,
  `travel_info` json DEFAULT NULL,
  `related_slugs` json DEFAULT NULL,
  `created_at` timestamp NULL DEFAULT NULL,
  `updated_at` timestamp NULL DEFAULT NULL,
  PRIMARY KEY (`id`),
  UNIQUE KEY `destinations_slug_unique` (`slug`)
) ENGINE=InnoDB AUTO_INCREMENT=21 DEFAULT CHARSET=utf8mb4 COLLATE=utf8mb4_unicode_ci;
/*!40101 SET character_set_client = @saved_cs_client */;

--
-- Dumping data for table `destinations`
--

LOCK TABLES `destinations` WRITE;
/*!40000 ALTER TABLE `destinations` DISABLE KEYS */;
INSERT INTO `destinations` VALUES (11,'serengeti','Serengeti National Park','Northern Circuit','The land of endless plains and ancient migrations.','14,750 km²','WORLD HERITAGE SITE','http://localhost:8000/storage/destinations/udlu023pjSPbXiMvQLAXZDtfYbnrJtp9gHI10J4w.jpg','http://localhost:8000/storage/destinations/RzlOS80DxD5vkQlHdZalreq2cFx0p9xU7I1RL5s4.jpg','There is no place on Earth that feels quite as primordial as the Serengeti at dawn.','published','[{\"icon\": \"paw\", \"label\": \"WILDLIFE\", \"value\": \"Big Five\"}, {\"icon\": \"calendar\", \"label\": \"PEAK TIME\", \"value\": \"Jun - Oct\"}, {\"icon\": \"thermometer\", \"label\": \"AVG TEMP\", \"value\": \"25°C\"}, {\"icon\": \"map\", \"label\": \"SIZE\", \"value\": \"14K km²\"}]','[\"The Serengeti is not just a destination, it is a reckoning with the ancient. Stretching across 14,000 square kilometers of open savanna, this is the earth at its most elemental: grass and sky and the unceasing movement of life. The name itself, derived from the Maasai word \'Siringet\', means \'endless plains\', and standing here at dawn, with the acacia silhouettes against a bleeding horizon, you understand why.\",\"This is the theater of the Great Migration, the largest movement of land animals on the planet, where 1.5 million wildebeest, 500,000 zebra, and 200,000 gazelle follow ancient instincts in a continuous loop across the Serengeti-Mara ecosystem. But the Serengeti is not only about the migration. Year-round, the park hosts the densest concentration of predators in Africa: lion prides draped across granite kopjes, leopards hanging their kills in acacia forks, and cheetah mothers teaching cubs the geometry of the hunt.\",\"In the north, the Mara River crossings, where crocodiles wait in churning brown water, are among the most visceral wildlife spectacles on Earth. In the south, Ndutu\'s short-grass plains host the calving season in January and February, when tens of thousands of wildebeest calves are born within days of each other. The Serengeti does not offer you wildlife, it demands you witness it.\"]','[{\"fact\": \"The Serengeti holds one of Africa\'s largest lion populations, over 3,000 individuals.\", \"name\": \"Lion\", \"image\": \"https://images.unsplash.com/photo-1614027164847-1b28cfe1df60?w=640&q=80\", \"likelihood\": \"Very Common\"}, {\"fact\": \"Often found in the Seronera Valley, draped over the branches of large sausage trees.\", \"name\": \"Leopard\", \"image\": \"https://images.unsplash.com/photo-1575550959106-5a7defe28b56?w=640&q=80\", \"likelihood\": \"Common\"}, {\"fact\": \"The open plains provide the perfect high-speed hunting grounds for these cats.\", \"name\": \"Cheetah\", \"image\": \"https://images.unsplash.com/photo-1534149043227-d4677db02787?w=640&q=80\", \"likelihood\": \"Common\"}, {\"fact\": \"Massive herds move between the riverine forests and the open plains year-round.\", \"name\": \"Elephant\", \"image\": \"https://images.unsplash.com/photo-1557050543-4d5f4e07ef46?w=640&q=80\", \"likelihood\": \"Very Common\"}, {\"fact\": \"A small, protected population resides in the remote Moru Kopjes area.\", \"name\": \"Black Rhino\", \"image\": \"https://images.unsplash.com/photo-1598894000396-bc30e0996899?w=640&q=80\", \"likelihood\": \"Rare\"}]','[{\"abbr\": \"JAN\", \"band\": \"good\", \"icon\": \"sun\", \"price\": \"$$$\", \"crowds\": 3, \"expect\": \"Calving season begins in the south\", \"weather\": \"Dry and warm\"}, {\"abbr\": \"FEB\", \"band\": \"peak\", \"icon\": \"sun\", \"price\": \"$$$$\", \"crowds\": 4, \"expect\": \"Peak calving, thousands of births daily\", \"weather\": \"Warm and dry\"}, {\"abbr\": \"MAR\", \"band\": \"good\", \"icon\": \"rain\", \"price\": \"$$\", \"crowds\": 2, \"expect\": \"Lush green landscapes, excellent birding\", \"weather\": \"Short rains begin\"}, {\"abbr\": \"APR\", \"band\": \"low\", \"icon\": \"rain\", \"price\": \"$\", \"crowds\": 1, \"expect\": \"Quiet trails, best value photography\", \"weather\": \"Heavy rains\"}, {\"abbr\": \"MAY\", \"band\": \"low\", \"icon\": \"rain\", \"price\": \"$\", \"crowds\": 1, \"expect\": \"Vibrant colours, migration moves north\", \"weather\": \"Rains finish\"}, {\"abbr\": \"JUN\", \"band\": \"peak\", \"icon\": \"sun\", \"price\": \"$$$$\", \"crowds\": 4, \"expect\": \"Migration in the Western Corridor\", \"weather\": \"Dry season begins\"}, {\"abbr\": \"JUL\", \"band\": \"peak\", \"icon\": \"sun\", \"price\": \"$$$$\", \"crowds\": 5, \"expect\": \"Mara River crossings begin, peak drama\", \"weather\": \"Dry and cool\"}, {\"abbr\": \"AUG\", \"band\": \"peak\", \"icon\": \"sun\", \"price\": \"$$$$\", \"crowds\": 5, \"expect\": \"Intense river crossings continue\", \"weather\": \"Dry and cool\"}, {\"abbr\": \"SEP\", \"band\": \"peak\", \"icon\": \"sun\", \"price\": \"$$$$\", \"crowds\": 5, \"expect\": \"Excellent predator sightings at water\", \"weather\": \"Dry season peak\"}, {\"abbr\": \"OCT\", \"band\": \"good\", \"icon\": \"sun\", \"price\": \"$$$\", \"crowds\": 3, \"expect\": \"Final crossings, herds move south\", \"weather\": \"Warm and dry\"}, {\"abbr\": \"NOV\", \"band\": \"good\", \"icon\": \"rain\", \"price\": \"$$\", \"crowds\": 2, \"expect\": \"Herds return to the short grass plains\", \"weather\": \"Short rains\"}, {\"abbr\": \"DEC\", \"band\": \"peak\", \"icon\": \"sun\", \"price\": \"$$$$\", \"crowds\": 4, \"expect\": \"Festive safari atmosphere in central\", \"weather\": \"Holiday season\"}]','[{\"name\": \"The Great Migration\", \"dates\": \"June - October\", \"image\": \"https://images.unsplash.com/photo-1547471080-7cc2caa01a7e?w=800&q=80\", \"highlights\": [\"River crossings\", \"Dry weather\", \"High predator action\"]}, {\"name\": \"Calving Season\", \"dates\": \"January - February\", \"image\": \"https://images.unsplash.com/photo-1516426122078-c23e76319801?w=800&q=80\", \"highlights\": [\"Newborn calves\", \"Cheetah hunting action\", \"Green plains\"]}, {\"name\": \"Emerald Season\", \"dates\": \"March - May\", \"image\": \"https://images.unsplash.com/photo-1535338454528-1b5a4f159e53?w=800&q=80\", \"highlights\": [\"Lush landscapes\", \"No crowds\", \"Best photography light\"]}]','[{\"tags\": [\"Adventure\", \"Luxury\"], \"title\": \"Balloon Safari\", \"description\": \"Float over the endless plains as the sun rises, followed by a champagne breakfast.\"}, {\"tags\": [\"Wildlife\", \"Fast\"], \"title\": \"Cheetah Interaction\", \"description\": \"Observe the world\'s fastest land animal in its natural hunting grounds on the short grass plains.\"}, {\"tags\": [\"Culture\", \"Community\"], \"title\": \"Cultural Interaction\", \"description\": \"Visit a local Maasai village and learn about their deep connection with the wild.\"}]','[\"https://images.unsplash.com/photo-1516426122078-c23e76319801?w=800&q=80\", \"https://images.unsplash.com/photo-1547471080-7cc2caa01a7e?w=800&q=80\", \"https://images.unsplash.com/photo-1535338454528-1b5a4f159e53?w=800&q=80\"]','{\"visa\": \"eVisa available, apply online before arrival\", \"best_time\": \"Mid-June to October (Migration), or Jan-Feb (Calving)\", \"transport\": \"4x4 safari vehicles and light aircraft\", \"flying_time\": \"1 hour from Arusha or 2 hours from Zanzibar\"}','[\"ngorongoro\", \"tarangire\", \"zanzibar\"]','2026-04-03 19:51:45','2026-04-07 09:47:08'),(12,'ngorongoro','Ngorongoro Conservation Area','Northern Circuit','The world largest intact volcanic caldera.','8,292 km²','UNESCO WORLD HERITAGE','http://localhost:8000/storage/destinations/bGduB707Ii9fb1vHgbPV9VRNMY8x4xuIlGmFhuL2.jpg','http://localhost:8000/storage/destinations/AxftikNcIsNDnzPdbD4ScE2WZP88vL6NkLteh2yl.jpg','Descending into the crater is like stepping into a self-contained world from another geological era.','published','[{\"icon\": \"paw\", \"label\": \"WILDLIFE\", \"value\": \"Black Rhino\"}, {\"icon\": \"calendar\", \"label\": \"PEAK TIME\", \"value\": \"Year-round\"}, {\"icon\": \"thermometer\", \"label\": \"AVG TEMP\", \"value\": \"20°C\"}, {\"icon\": \"map\", \"label\": \"SIZE\", \"value\": \"8K km²\"}]','[\"Three million years ago, a volcano larger than Kilimanjaro collapsed upon itself and formed the Ngorongoro Crater, a 264 square kilometer caldera that has since become one of the most extraordinary concentrations of wildlife on Earth. The crater is not merely a landmark, it is an entire world contained within its ancient walls.\",\"Descending the steep crater wall at dawn, as mist rolls across the soda lake below and the first golden light catches the rim, is one of the great arrivals in African travel. The crater floor hosts an estimated 25,000 large animals in permanent residence, including one of Africa\'s last viable populations of black rhino, which can often be spotted grazing in the open plains near the Lerai Forest.\",\"Beyond the crater itself, the Conservation Area spans a vast range of habitats, from mountain forests and volcanic peaks to the short-grass plains that border the Serengeti. It is unique in Tanzania as a multiple land-use area where the Maasai people coexist with the wildlife, creating a cultural landscape that is as fascinating as the wildlife spectacle.\"]','[{\"fact\": \"One of the few places in East Africa where black rhino can be reliably spotted in the wild.\", \"name\": \"Black Rhino\", \"image\": \"https://images.unsplash.com/photo-1598894000396-bc30e0996899?w=640&q=80\", \"likelihood\": \"Common\"}, {\"fact\": \"The crater hosts a dense population of large-maned lions who are famously unperturbed by vehicles.\", \"name\": \"Lion\", \"image\": \"https://images.unsplash.com/photo-1614027164847-1b28cfe1df60?w=640&q=80\", \"likelihood\": \"Very Common\"}, {\"fact\": \"Dozens of hippos can be found at the Ngoitokitok spring, often seen jostling for space.\", \"name\": \"Hippo\", \"image\": \"https://images.unsplash.com/photo-1534149043227-d4677db02787?w=640&q=80\", \"likelihood\": \"Very Common\"}, {\"fact\": \"Old bull elephants with massive tusks are an iconic sight in the Lerai Forest.\", \"name\": \"Elephant\", \"image\": \"https://images.unsplash.com/photo-1557050543-4d5f4e07ef46?w=640&q=80\", \"likelihood\": \"Common\"}, {\"fact\": \"Lake Magadi often turns pink with the presence of thousands of lesser flamingos.\", \"name\": \"Flamingo\", \"image\": \"https://images.unsplash.com/photo-1598894000396-bc30e0996899?w=640&q=80\", \"likelihood\": \"Common\"}]','[{\"abbr\": \"JAN\", \"band\": \"good\", \"icon\": \"sun\", \"price\": \"$$$\", \"crowds\": 3, \"expect\": \"Excellent visibility across the floor\", \"weather\": \"Dry and clear\"}, {\"abbr\": \"FEB\", \"band\": \"good\", \"icon\": \"sun\", \"price\": \"$$$\", \"crowds\": 3, \"expect\": \"Wildlife congregates at water sources\", \"weather\": \"Warm and dry\"}, {\"abbr\": \"MAR\", \"band\": \"good\", \"icon\": \"rain\", \"price\": \"$$\", \"crowds\": 2, \"expect\": \"Dramatic clouds, great photography\", \"weather\": \"Lush greening\"}, {\"abbr\": \"APR\", \"band\": \"low\", \"icon\": \"rain\", \"price\": \"$\", \"crowds\": 1, \"expect\": \"Quiet crater, emerald green walls\", \"weather\": \"Peak rains\"}, {\"abbr\": \"MAY\", \"band\": \"low\", \"icon\": \"rain\", \"price\": \"$\", \"crowds\": 1, \"expect\": \"Ethereal atmosphere, low vehicle count\", \"weather\": \"Mist and rain\"}, {\"abbr\": \"JUN\", \"band\": \"peak\", \"icon\": \"sun\", \"price\": \"$$$$\", \"crowds\": 4, \"expect\": \"Sharp light, easy wildlife spotting\", \"weather\": \"Cool and dry\"}, {\"abbr\": \"JUL\", \"band\": \"peak\", \"icon\": \"sun\", \"price\": \"$$$$\", \"crowds\": 5, \"expect\": \"Peak season, incredible rhino luck\", \"weather\": \"Cold mornings\"}, {\"abbr\": \"AUG\", \"band\": \"peak\", \"icon\": \"sun\", \"price\": \"$$$$\", \"crowds\": 5, \"expect\": \"Dusty plains, high action at springs\", \"weather\": \"Dry and windy\"}, {\"abbr\": \"SEP\", \"band\": \"peak\", \"icon\": \"sun\", \"price\": \"$$$$\", \"crowds\": 5, \"expect\": \"Best time for predator sightings\", \"weather\": \"Clear and dry\"}, {\"abbr\": \"OCT\", \"band\": \"good\", \"icon\": \"sun\", \"price\": \"$$$\", \"crowds\": 4, \"expect\": \"Golden grass, intense blue skies\", \"weather\": \"Warming up\"}, {\"abbr\": \"NOV\", \"band\": \"good\", \"icon\": \"rain\", \"price\": \"$$\", \"crowds\": 2, \"expect\": \"Flowers blooming on the rim\", \"weather\": \"Short rains\"}, {\"abbr\": \"DEC\", \"band\": \"peak\", \"icon\": \"sun\", \"price\": \"$$$$\", \"crowds\": 4, \"expect\": \"Celebratoy vibe, busy crater descent\", \"weather\": \"Holiday peak\"}]','[{\"name\": \"The Big Five Window\", \"dates\": \"June - September\", \"image\": \"https://images.unsplash.com/photo-1621414050946-1b936a78cf58?w=800&q=80\", \"highlights\": [\"Black rhino sightings\", \"Cooler climate\", \"Best visibility\"]}, {\"name\": \"The Green Oasis\", \"dates\": \"March - May\", \"image\": \"https://images.unsplash.com/photo-1547471080-7cc2caa01a7e?w=800&q=80\", \"highlights\": [\"Lush landscapes\", \"No crowds\", \"Active birdlife\"]}, {\"name\": \"Highland Explorer\", \"dates\": \"October - February\", \"image\": \"https://images.unsplash.com/photo-1535338454528-1b5a4f159e53?w=800&q=80\", \"highlights\": [\"Emerald views\", \"Migration nearby\", \"Cultural depth\"]}]','[{\"tags\": [\"Wildlife\", \"Iconic\"], \"title\": \"Crater Floor Game Drive\", \"description\": \"A full 6-hour descent onto the floor of the caldera, exploring diverse habitats from soda lakes to acacia forests.\"}, {\"tags\": [\"Culture\", \"Insight\"], \"title\": \"Maasai Boma Visit\", \"description\": \"Interact with the local Maasai community and learn about their ancient spiritual connection to the crater and its inhabitants.\"}, {\"tags\": [\"Walking\", \"Adventure\"], \"title\": \"Empakaai Crater Hike\", \"description\": \"A guided walk to the remote Empakaai Crater, where you can hike down to the lake shore through ancient mountain forests.\"}]','[\"https://images.unsplash.com/photo-1621414050946-1b936a78cf58?w=800&q=80\", \"https://images.unsplash.com/photo-1502911661445-12c8203fdd39?w=800&q=80\", \"https://images.unsplash.com/photo-1614027164847-1b28cfe1df60?w=800&q=80\"]','{\"visa\": \"Included in standard Tanzanian eVisa\", \"best_time\": \"June to September for wildlife, March to May for views\", \"transport\": \"Closed safari vehicle for the rim and crater\", \"flying_time\": \"45m from Arusha to Lake Manyara Airstrip\"}','[\"serengeti\", \"tarangire\", \"lake-manyara\"]','2026-04-03 19:51:45','2026-04-07 09:44:09'),(13,'tarangire','Tarangire National Park','Northern Circuit','The kingdom of the ancient baobabs and giants.','2,850 km²','NORTHERN GIANTS','http://localhost:8000/storage/destinations/kFrrAtLXGhL1sMIHwdruSrmUiHj8VrOw86GnLGwo.jpg','http://localhost:8000/storage/destinations/X7zIoBvUawRC8Udgn40fu3dgrPg2p91zNYy9GUug.jpg','Watching an elephant herd move through the silhouetted baobab forest is a memory that stays forever.','published','[{\"icon\": \"paw\", \"label\": \"WILDLIFE\", \"value\": \"Elephants\"}, {\"icon\": \"calendar\", \"label\": \"PEAK TIME\", \"value\": \"Jun - Oct\"}, {\"icon\": \"thermometer\", \"label\": \"AVG TEMP\", \"value\": \"26°C\"}, {\"icon\": \"map\", \"label\": \"SIZE\", \"value\": \"2.8K km²\"}]','[\"Tarangire is where the baobab trees reign. These ancient, barrel-trunked giants, some over a thousand years old, define the visual character of the park entirely. Standing beneath them, watching a herd of elephants move like grey fog through the undergrowth, you understand why this park is called the Kingdom of the Elephant.\",\"During the dry season (June to October), the Tarangire River becomes the only water source for hundreds of kilometres, drawing extraordinary concentrations of wildlife to its banks. Elephant herds numbering in the hundreds, among the largest gatherings in Tanzania, congregate along the river alongside buffalo, zebra, wildebeest, and giraffe. The predator action follows inevitably.\",\"Tarangire is also a paradise for birders, with over 550 species of birds recorded. The various habitats, from open plains to swamps and riverine forests, provide sanctuary for everything from the massive ostrich to the tiny, vibrant Fischer\'s lovebird. It is a park of silhouettes, best experienced as the sun sets behind the iconic baobabs.\"]','[{\"fact\": \"Tarangire has one of the highest elephant densities in Africa, herds of 300+ are common in the dry season.\", \"name\": \"African Elephant\", \"image\": \"https://images.unsplash.com/photo-1549366021-9f761d450615?w=640&q=80\", \"likelihood\": \"Very Common\"}, {\"fact\": \"Often seen in the tall grass or perched on top of termite mounds used as lookouts.\", \"name\": \"Lion\", \"image\": \"https://images.unsplash.com/photo-1614027164847-1b28cfe1df60?w=640&q=80\", \"likelihood\": \"Common\"}, {\"fact\": \"The fringe-eared oryx is one of the more elusive and beautiful inhabitants of the drier sectors.\", \"name\": \"Oryx\", \"image\": \"https://images.unsplash.com/photo-1534149043227-d4677db02787?w=640&q=80\", \"likelihood\": \"Rare\"}, {\"fact\": \"The Maasai giraffe is the national animal and is found in high numbers near the river.\", \"name\": \"Giraffe\", \"image\": \"https://images.unsplash.com/photo-1557050543-4d5f4e07ef46?w=640&q=80\", \"likelihood\": \"Very Common\"}, {\"fact\": \"Masters of disguise, they are often found in the larger trees along the Tarangire River.\", \"name\": \"Leopard\", \"image\": \"https://images.unsplash.com/photo-1575550959106-5a7defe28b56?w=640&q=80\", \"likelihood\": \"Common\"}]','[{\"abbr\": \"JAN\", \"band\": \"good\", \"icon\": \"sun\", \"price\": \"$$\", \"crowds\": 2, \"expect\": \"Lush landscapes, birding peak\", \"weather\": \"Warm and green\"}, {\"abbr\": \"FEB\", \"band\": \"good\", \"icon\": \"sun\", \"price\": \"$$\", \"crowds\": 2, \"expect\": \"Good game viewing in the swamps\", \"weather\": \"Hot and dry\"}, {\"abbr\": \"MAR\", \"band\": \"good\", \"icon\": \"rain\", \"price\": \"$$\", \"crowds\": 1, \"expect\": \"Migratory birds at their peak\", \"weather\": \"Rains begin\"}, {\"abbr\": \"APR\", \"band\": \"low\", \"icon\": \"rain\", \"price\": \"$\", \"crowds\": 1, \"expect\": \"Lush but some roads may be soft\", \"weather\": \"Peak rains\"}, {\"abbr\": \"MAY\", \"band\": \"low\", \"icon\": \"rain\", \"price\": \"$\", \"crowds\": 1, \"expect\": \"Solitude and green horizons\", \"weather\": \"Quiet rains\"}, {\"abbr\": \"JUN\", \"band\": \"peak\", \"icon\": \"sun\", \"price\": \"$$$$\", \"crowds\": 4, \"expect\": \"Wildlife moving toward the river\", \"weather\": \"Dry season begins\"}, {\"abbr\": \"JUL\", \"band\": \"peak\", \"icon\": \"sun\", \"price\": \"$$$$\", \"crowds\": 5, \"expect\": \"Elephant numbers begin to swell\", \"weather\": \"Cooler air\"}, {\"abbr\": \"AUG\", \"band\": \"peak\", \"icon\": \"sun\", \"price\": \"$$$$\", \"crowds\": 5, \"expect\": \"Massive herds reaching their peak\", \"weather\": \"Dry and dusty\"}, {\"abbr\": \"SEP\", \"band\": \"peak\", \"icon\": \"sun\", \"price\": \"$$$$\", \"crowds\": 5, \"expect\": \"Intense action at the riverbanks\", \"weather\": \"Very dry\"}, {\"abbr\": \"OCT\", \"band\": \"peak\", \"icon\": \"sun\", \"price\": \"$$$$\", \"crowds\": 4, \"expect\": \"Final concentration of wildlife\", \"weather\": \"Warm and dry\"}, {\"abbr\": \"NOV\", \"band\": \"good\", \"icon\": \"rain\", \"price\": \"$$\", \"crowds\": 2, \"expect\": \"Landscape transforms overnight\", \"weather\": \"Short rains\"}, {\"abbr\": \"DEC\", \"band\": \"peak\", \"icon\": \"sun\", \"price\": \"$$$$\", \"crowds\": 3, \"expect\": \"Emerald season safari vibe\", \"weather\": \"Holiday peak\"}]','[{\"name\": \"The Elephant Gathering\", \"dates\": \"July - October\", \"image\": \"https://images.unsplash.com/photo-1549366021-9f761d450615?w=800&q=80\", \"highlights\": [\"Massive herds\", \"River tracking\", \"Best predator sightings\"]}, {\"name\": \"The Green Sanctuary\", \"dates\": \"November - February\", \"image\": \"https://images.unsplash.com/photo-1547471080-7cc2caa01a7e?w=800&q=80\", \"highlights\": [\"Emerald vistas\", \"Active birdlife\", \"Newborn animals\"]}, {\"name\": \"Birder\'s Paradise\", \"dates\": \"March - May\", \"image\": \"https://images.unsplash.com/photo-1516426122078-c23e76319801?w=800&q=80\", \"highlights\": [\"Migratory species\", \"Lush photography\", \"Total solitude\"]}]','[{\"tags\": [\"Adventure\", \"Nature\"], \"title\": \"Walking Safari\", \"description\": \"Explore the smaller details of the park on foot with an armed ranger, understanding the ecosystem beyond the vehicles.\"}, {\"tags\": [\"Wildlife\", \"Relaxation\"], \"title\": \"Tarangire River Picnic\", \"description\": \"Enjoy lunch overlooking the lifeblood of the park as elephants and zebras come to drink just metres away.\"}, {\"tags\": [\"Speciailist\", \"Birding\"], \"title\": \"Birding Expedition\", \"description\": \"A specialist-led tour focusing on the over 550 species of birds that call this diverse park home.\"}]','[\"https://images.unsplash.com/photo-1549366021-9f761d450615?w=800&q=80\", \"https://images.unsplash.com/photo-1523806781031-bc6e572886f4?w=800&q=80\", \"https://images.unsplash.com/photo-1614027164847-1b28cfe1df60?w=800&q=80\"]','{\"visa\": \"Standard Tanzanian eVisa required\", \"best_time\": \"July to October for elephants, year-round for birding\", \"transport\": \"Open or closed safari vehicles\", \"flying_time\": \"2h drive from Arusha or 30m flight\"}','[\"serengeti\", \"ngorongoro\", \"lake-manyara\"]','2026-04-03 19:51:45','2026-04-07 09:52:18'),(14,'arusha','Arusha National Park','Northern Circuit','A pocket of mountain misty peaks and diverse forests.','137 km²','MOUNTAIN SANCTUARY','http://localhost:8000/storage/destinations/yIW2RQeo2GN1oLwzX9FfMtMviMHSZT89U8bxLZR0.jpg','http://localhost:8000/storage/destinations/qppKro8fcvaYZbtsE3DdP1OJeyWOJs8u3wVOA4kG.jpg','The silent beauty of Mt. Meru reflecting in the Momella Lakes is a moment of pure serenity.','published','[{\"icon\": \"paw\", \"label\": \"WILDLIFE\", \"value\": \"Colobus Monkey\"}, {\"icon\": \"calendar\", \"label\": \"PEAK TIME\", \"value\": \"Year-round\"}, {\"icon\": \"thermometer\", \"label\": \"AVG TEMP\", \"value\": \"22°C\"}, {\"icon\": \"map\", \"label\": \"SIZE\", \"value\": \"137 km²\"}]','[\"Arusha National Park is often overshadowed by its larger neighbours, but it is one of Tanzania\'s most beautiful and diverse gems. Located just a short drive from the city, it offers a dramatic landscape that shifts from montane forest and alkaline lakes to the towering volcanic peak of Mt. Meru, Africa\'s fifth highest mountain. It is a place of shadows and mist, where the silence is only broken by the calls of birds and the rustle of the canopy.\",\"The park is famous for its population of black-and-white colobus monkeys, whose long flowing tails and acrobatic leaps through the ancient moss-draped trees are a delight to watch. Unlike the open plains of the Serengeti, Arusha NP is an intimate experience, where you can explore the Ngurdoto Crater, often called the \'Little Ngorongoro\', and the seven Momella Lakes, each with a different hue of blue or green due to their varying mineral content.\",\"For those seeking adventure, the multi-day climb of Mt. Meru provides a challenging but rewarding trek through diverse ecological zones. On clear days, the views of Mt. Kilimanjaro from the slopes of Meru are unparalleled. It is the perfect introduction to the Tanzanian wild, whether for a day trip or as the starting point for a longer northern circuit expedition.\"]','[{\"fact\": \"Famous for their spectacular white tails and their preference for high-canopy mountain forests.\", \"name\": \"Colobus Monkey\", \"image\": \"https://images.unsplash.com/photo-1555524330-9ec8058309ec?w=640&q=80\", \"likelihood\": \"Very Common\"}, {\"fact\": \"The park has an incredibly high density of Maasai giraffes, often seen grazing against the backdrop of Mt. Meru.\", \"name\": \"Giraffe\", \"image\": \"https://images.unsplash.com/photo-1557050543-4d5f4e07ef46?w=640&q=80\", \"likelihood\": \"Very Common\"}, {\"fact\": \"Thousands of flamingos gather at the Momella Lakes, creating a pink haze on the water.\", \"name\": \"Flamingo\", \"image\": \"https://images.unsplash.com/photo-1516426122078-c23e76319801?w=640&q=80\", \"likelihood\": \"Very Common\"}, {\"fact\": \"Playful and vocal inhabitants of the park\'s dense montane forests.\", \"name\": \"Blue Monkey\", \"image\": \"https://images.unsplash.com/photo-1546272989-40c92939c6c2?w=640&q=80\", \"likelihood\": \"Common\"}, {\"fact\": \"Often found grazing in the open glades and near the forest edges.\", \"name\": \"Buffalo\", \"image\": \"https://images.unsplash.com/photo-1549366021-9f761d450615?w=640&q=80\", \"likelihood\": \"Common\"}]','[{\"abbr\": \"JAN\", \"band\": \"good\", \"icon\": \"sun\", \"price\": \"$$\", \"crowds\": 2, \"expect\": \"Excellent mountain views\", \"weather\": \"Clear and cool\"}, {\"abbr\": \"FEB\", \"band\": \"good\", \"icon\": \"sun\", \"price\": \"$$\", \"crowds\": 2, \"expect\": \"Great for birding near the lakes\", \"weather\": \"Warm and dry\"}, {\"abbr\": \"MAR\", \"band\": \"good\", \"icon\": \"rain\", \"price\": \"$$\", \"crowds\": 1, \"expect\": \"Lush forests, vibrant mosses\", \"weather\": \"Mist and rain\"}, {\"abbr\": \"APR\", \"band\": \"low\", \"icon\": \"rain\", \"price\": \"$\", \"crowds\": 1, \"expect\": \"Emerald rainforest atmosphere\", \"weather\": \"Heavy rains\"}, {\"abbr\": \"MAY\", \"band\": \"low\", \"icon\": \"rain\", \"price\": \"$\", \"crowds\": 1, \"expect\": \"Quietest month, pure solitude\", \"weather\": \"Fresh and green\"}, {\"abbr\": \"JUN\", \"band\": \"good\", \"icon\": \"sun\", \"price\": \"$$\", \"crowds\": 2, \"expect\": \"Clear air, ideal for photography\", \"weather\": \"Crisp and dry\"}, {\"abbr\": \"JUL\", \"band\": \"peak\", \"icon\": \"sun\", \"price\": \"$$$\", \"crowds\": 3, \"expect\": \"Mt. Meru trekking season peak\", \"weather\": \"Cold mornings\"}, {\"abbr\": \"AUG\", \"band\": \"peak\", \"icon\": \"sun\", \"price\": \"$$$\", \"crowds\": 3, \"expect\": \"Perfect walking safari conditions\", \"weather\": \"Dry and clear\"}, {\"abbr\": \"SEP\", \"band\": \"peak\", \"icon\": \"sun\", \"price\": \"$$$\", \"crowds\": 3, \"expect\": \"Best for colobus monkey sightings\", \"weather\": \"Warm and dry\"}, {\"abbr\": \"OCT\", \"band\": \"good\", \"icon\": \"sun\", \"price\": \"$$\", \"crowds\": 2, \"expect\": \"Migratory birds begin to arrive\", \"weather\": \"Clear skies\"}, {\"abbr\": \"NOV\", \"band\": \"good\", \"icon\": \"rain\", \"price\": \"$$\", \"crowds\": 2, \"expect\": \"Flowering montane plants\", \"weather\": \"Short rains\"}, {\"abbr\": \"DEC\", \"band\": \"peak\", \"icon\": \"sun\", \"price\": \"$$$\", \"crowds\": 3, \"expect\": \"Ideal for festive day trips\", \"weather\": \"Holiday bright\"}]','[{\"name\": \"Mount Meru Climbing\", \"dates\": \"July - February\", \"image\": \"https://images.unsplash.com/photo-1504006833117-8886a355efbf?w=800&q=80\", \"highlights\": [\"Summit reaches\", \"Alpine views\", \"Diverse zones\"]}, {\"name\": \"Birding & Lakes\", \"dates\": \"November - April\", \"image\": \"https://images.unsplash.com/photo-1547471080-7cc2caa01a7e?w=800&q=80\", \"highlights\": [\"Flamingo flocks\", \"Migratory species\", \"Lush scenery\"]}, {\"name\": \"Walking Haven\", \"dates\": \"June - September\", \"image\": \"https://images.unsplash.com/photo-1535338454528-1b5a4f159e53?w=800&q=80\", \"highlights\": [\"Guided bush walks\", \"Colobus tracking\", \"Cooler climate\"]}]','[{\"tags\": [\"Water\", \"Serene\"], \"title\": \"Canoeing on Momella Lakes\", \"description\": \"A unique way to see wildlife from the water, including hippos and thousands of flamingos.\"}, {\"tags\": [\"Walking\", \"Adventure\"], \"title\": \"Arusha NP Walking Safari\", \"description\": \"Accompanied by an armed ranger, venture onto the savanna glades to see giraffes and buffalos up close.\"}, {\"tags\": [\"Views\", \"Iconic\"], \"title\": \"Ngurdoto Crater Viewpoint\", \"description\": \"Take in the spectacular panoramic views of the \\\"Little Ngorongoro\\\" from the rim of this ancient caldera.\"}]','[\"https://images.unsplash.com/photo-1504006833117-8886a355efbf?w=800&q=80\", \"https://images.unsplash.com/photo-1555061614-7225cb85834d?w=800&q=80\", \"https://images.unsplash.com/photo-1546272989-40c92939c6c2?w=800&q=80\"]','{\"visa\": \"Standard Tanzanian eVisa applies\", \"best_time\": \"June to February for views and trekking\", \"transport\": \"Accessible by standard vehicles or safari 4x4\", \"flying_time\": \"45m drive from central Arusha city\"}','[\"serengeti\", \"kilimanjaro\", \"tarangire\"]','2026-04-03 19:51:45','2026-04-07 09:31:14'),(15,'lake-manyara','Lake Manyara National Park','Northern Circuit','A gem of groundwater forest and pink flamingos.','330 km²','RIFT VALLEY GEM','http://localhost:8000/storage/destinations/ViFQXQpSkPyjxQDbRnmSwRouNP3f5OyW4MC12xqy.jpg','http://localhost:8000/storage/destinations/PbGTKBIQkjFgDQ9LRMKUiWRUinCgEX5l84ifGXmj.jpg','The sight of thousands of flamingos as a pink ribbon along the lake shore is a Manyara classic.','published','[{\"icon\": \"paw\", \"label\": \"WILDLIFE\", \"value\": \"Tree Lions\"}, {\"icon\": \"calendar\", \"label\": \"PEAK TIME\", \"value\": \"Jun - Oct\"}, {\"icon\": \"thermometer\", \"label\": \"AVG TEMP\", \"value\": \"24°C\"}, {\"icon\": \"map\", \"label\": \"SIZE\", \"value\": \"330 km²\"}]','[\"Ernest Hemingway once described Lake Manyara as the loveliest lake he had seen in Africa, and it is easy to see why. Tucked at the base of the Great Rift Valley Escarpment, the park is a surprisingly diverse mix of dense groundwater forest, open floodplains, and the vast soda lake itself. It is a compact sanctuary that punches far above its weight in terms of sheer scenic beauty.\",\"The park is most famous for its tree-climbing lions, a rare behavior that is a signature of Manyara\'s prides. As you move from the lush forest\\u2014where baboons and blue monkeys play in the ancient mahogany trees\\u2014to the acacia woodlands, you might spot these predators draped over the branches of large sausage or umbrella trees. The lake shore is equally spectacular, often shimmering pink with the presence of thousands of lesser flamingos and other migratory waterfowl.\",\"Beyond the lions and birds, Manyara is home to large herds of elephants, buffalos, and giraffes. The park\'s compact size makes it an excellent choice for a productive day trip or a gentle introduction to the northern circuit. Whether you are observing hippos at the hippo pool or taking in the views from the Maji Moto hot springs, Manyara offers a tranquil and visually stunning safari experience.\"]','[{\"fact\": \"Manyara\'s lions are world-famous for their unique habit of climbing and resting in trees.\", \"name\": \"Lion\", \"image\": \"https://images.unsplash.com/photo-1614027164847-1b28cfe1df60?w=640&q=80\", \"likelihood\": \"Common\"}, {\"fact\": \"Huge flocks of lesser flamingos create a vibrant pink fringe along the lake edge.\", \"name\": \"Flamingo\", \"image\": \"https://images.unsplash.com/photo-1516426122078-c23e76319801?w=640&q=80\", \"likelihood\": \"Very Common\"}, {\"fact\": \"The park supports a healthy population of elephants that move frequently between the forest and the lake.\", \"name\": \"Elephant\", \"image\": \"https://images.unsplash.com/photo-1557050543-4d5f4e07ef46?w=640&q=80\", \"likelihood\": \"Very Common\"}, {\"fact\": \"Manyara is home to some of the largest baboon troops seen in Africa.\", \"name\": \"Baboon\", \"image\": \"https://images.unsplash.com/photo-1546272989-40c92939c6c2?w=640&q=80\", \"likelihood\": \"Very Common\"}, {\"fact\": \"The hippo pool at the northern tip of the lake provides reliable and close-up sightings.\", \"name\": \"Hippo\", \"image\": \"https://images.unsplash.com/photo-1534149043227-d4677db02787?w=640&q=80\", \"likelihood\": \"Common\"}]','[{\"abbr\": \"JAN\", \"band\": \"good\", \"icon\": \"sun\", \"price\": \"$$\", \"crowds\": 2, \"expect\": \"Excellent birding on the lake\", \"weather\": \"Dry and warm\"}, {\"abbr\": \"FEB\", \"band\": \"good\", \"icon\": \"sun\", \"price\": \"$$\", \"crowds\": 2, \"expect\": \"Lions active in the tree shade\", \"weather\": \"Hot and dry\"}, {\"abbr\": \"MAR\", \"band\": \"good\", \"icon\": \"rain\", \"price\": \"$$\", \"crowds\": 1, \"expect\": \"Lush green groundwater forest\", \"weather\": \"Short rains\"}, {\"abbr\": \"APR\", \"band\": \"low\", \"icon\": \"rain\", \"price\": \"$\", \"crowds\": 1, \"expect\": \"Emerald vistas, quietest trails\", \"weather\": \"Heavy rains\"}, {\"abbr\": \"MAY\", \"band\": \"low\", \"icon\": \"rain\", \"price\": \"$\", \"crowds\": 1, \"expect\": \"Ethereal light for photography\", \"weather\": \"Mist and rain\"}, {\"abbr\": \"JUN\", \"band\": \"good\", \"icon\": \"sun\", \"price\": \"$$$\", \"crowds\": 3, \"expect\": \"Wildlife moving toward water\", \"weather\": \"Crisp and dry\"}, {\"abbr\": \"JUL\", \"band\": \"peak\", \"icon\": \"sun\", \"price\": \"$$$$\", \"crowds\": 4, \"expect\": \"Peak season for game viewing\", \"weather\": \"Cool and dry\"}, {\"abbr\": \"AUG\", \"band\": \"peak\", \"icon\": \"sun\", \"price\": \"$$$$\", \"crowds\": 4, \"expect\": \"Best visibility in the woodlands\", \"weather\": \"Dry and clear\"}, {\"abbr\": \"SEP\", \"band\": \"peak\", \"icon\": \"sun\", \"price\": \"$$$$\", \"crowds\": 4, \"expect\": \"High activity at the lake shore\", \"weather\": \"Warm and dry\"}, {\"abbr\": \"OCT\", \"band\": \"good\", \"icon\": \"sun\", \"price\": \"$$$\", \"crowds\": 3, \"expect\": \"Migratory birds arrival peak\", \"weather\": \"Warm and dry\"}, {\"abbr\": \"NOV\", \"band\": \"good\", \"icon\": \"rain\", \"price\": \"$$\", \"crowds\": 2, \"expect\": \"Fresh greening of the plains\", \"weather\": \"Short rains\"}, {\"abbr\": \"DEC\", \"band\": \"peak\", \"icon\": \"sun\", \"price\": \"$$$$\", \"crowds\": 3, \"expect\": \"Excellent holiday safari vibe\", \"weather\": \"Holiday festive\"}]','[{\"name\": \"The Birding Peak\", \"dates\": \"November - June\", \"image\": \"https://images.unsplash.com/photo-1516426122078-c23e76319801?w=800&q=80\", \"highlights\": [\"Flamingo concentrations\", \"Migratory species\", \"Lush scenery\"]}, {\"name\": \"The Dry Game Season\", \"dates\": \"July - October\", \"image\": \"https://images.unsplash.com/photo-1547471080-7cc2caa01a7e?w=800&q=80\", \"highlights\": [\"Tree-climbing lions\", \"Large mammal herds\", \"Best visibility\"]}, {\"name\": \"The Secret Emerald\", \"dates\": \"April - May\", \"image\": \"https://images.unsplash.com/photo-1535338454528-1b5a4f159e53?w=800&q=80\", \"highlights\": [\"Quiet trails\", \"Lush forest walks\", \"Dramatic photography\"]}]','[{\"tags\": [\"Nature\", \"Walking\"], \"title\": \"Groundwater Forest Walk\", \"description\": \"Explore the unique lush forest at the base of the escarpment, home to massive mahogany trees and lively primate troops.\"}, {\"tags\": [\"Adventure\", \"Views\"], \"title\": \"Manyara Treetop Walkway\", \"description\": \"Walk through the canopy of the forest on a suspended walkway, getting a bird\'s eye view of the unique ecosystem.\"}, {\"tags\": [\"Wildlife\", \"Intense\"], \"title\": \"Night Game Drive\", \"description\": \"Experience the park like never before, spotting nocturnal creatures like genets and porcupines under the guidance of expert rangers.\"}]','[\"https://images.unsplash.com/photo-1516426122078-c23e76319801?w=800&q=80\", \"https://images.unsplash.com/photo-1547471080-7cc2caa01a7e?w=800&q=80\", \"https://images.unsplash.com/photo-1535338454528-1b5a4f159e53?w=800&q=80\"]','{\"visa\": \"Standard Tanzanian eVisa applies\", \"best_time\": \"July to October for lions, November to June for birding\", \"transport\": \"Standard or 4x4 safari vehicles\", \"flying_time\": \"1.5 hour drive from Arusha or 30m flight\"}','[\"serengeti\", \"ngorongoro\", \"tarangire\"]','2026-04-03 19:51:45','2026-04-07 09:39:09'),(16,'kilimanjaro','Mount Kilimanjaro National Park','Northern Circuit','The Roof of Africa standing alone in the clouds.','1,688 km²','HIGHEST ALONE','http://localhost:8000/storage/destinations/YMYi2aufvMcusmS5aAWgQHdq3FKaAo93ZipKP2XO.jpg','http://localhost:8000/storage/destinations/ASMrCD8Ynh5Lon8sHXep65J7P3tEXQvT7mQmEB24.jpg','Standing on Uhuru Peak at sunrise, with the world below hidden by a sea of clouds, is the ultimate African triumph.','published','[{\"icon\": \"paw\", \"label\": \"WILDLIFE\", \"value\": \"Alpine\"}, {\"icon\": \"calendar\", \"label\": \"PEAK TIME\", \"value\": \"Jan - Mar\"}, {\"icon\": \"thermometer\", \"label\": \"AVG TEMP\", \"value\": \"10°C\"}, {\"icon\": \"map\", \"label\": \"HEIGHT\", \"value\": \"5,895m\"}]','[\"Mount Kilimanjaro is not just a mountain, it is an icon. Rising 5,895 meters above the East African plains, it is the highest free-standing mountain in the world and the roof of the African continent. To climb it is to walk through five different ecological zones in a single journey, from tropical rainforest and alpine meadows to the haunting lunar landscape of the summit crater.\",\"The journey to Uhuru Peak is as much a mental challenge as it is a physical one. Each route\\u2014Marangu, Machame, Lemosho, and others\\u2014offers a unique perspective on the mountain\'s shifting majesty. You begin in the lush montane forest, home to elusive primates and birds, before emerging into the heather and moorland zones, where the giant groundsels stand like silent guardians against the thinning air.\",\"But Kilimanjaro is not only for climbers. The surrounding national park offers spectacular day hikes and opportunities to witness the mountain\'s raw power from its base. The sight of Kibo\'s snow-capped peak glowing orange in the first light of dawn, while the plains below are still in shadow, is an experience that stays with every visitor forever. It is Africa\'s greatest landmark, a testament to the earth\'s ancient volcanic power.\"]','[{\"fact\": \"Found in the dense montane forest zone at the base of the mountain.\", \"name\": \"Colobus Monkey\", \"image\": \"https://images.unsplash.com/photo-1555524330-9ec8058309ec?w=640&q=80\", \"likelihood\": \"Common\"}, {\"fact\": \"Frequently seen playing in the canopy near the park gates.\", \"name\": \"Blue Monkey\", \"image\": \"https://images.unsplash.com/photo-1546272989-40c92939c6c2?w=640&q=80\", \"likelihood\": \"Common\"}, {\"fact\": \"A resilient inhabitant of the higher alpine moorland zones.\", \"name\": \"Four-striped Mouse\", \"image\": \"https://images.unsplash.com/photo-1535338454528-1b5a4f159e53?w=640&q=80\", \"likelihood\": \"Very Common\"}, {\"fact\": \"Often seen feeding on the nectar of giant lobelias in the moorland zone.\", \"name\": \"Malachite Sunbird\", \"image\": \"https://images.unsplash.com/photo-1516426122078-c23e76319801?w=640&q=80\", \"likelihood\": \"Common\"}, {\"fact\": \"Occasional sightings in the lower forest zones, though they are very elusive here.\", \"name\": \"Elephant\", \"image\": \"https://images.unsplash.com/photo-1557050543-4d5f4e07ef46?w=640&q=80\", \"likelihood\": \"Rare\"}]','[{\"abbr\": \"JAN\", \"band\": \"peak\", \"icon\": \"sun\", \"price\": \"$$$$\", \"crowds\": 4, \"expect\": \"Ideal climbing conditions, best visibility\", \"weather\": \"Clear and dry\"}, {\"abbr\": \"FEB\", \"band\": \"peak\", \"icon\": \"sun\", \"price\": \"$$$$\", \"crowds\": 4, \"expect\": \"Excellent summit window\", \"weather\": \"Warm and clear\"}, {\"abbr\": \"MAR\", \"band\": \"good\", \"icon\": \"sun\", \"price\": \"$$$\", \"crowds\": 2, \"expect\": \"Good climbing before the heavy rains\", \"weather\": \"Rains begin late\"}, {\"abbr\": \"APR\", \"band\": \"low\", \"icon\": \"rain\", \"price\": \"$\", \"crowds\": 1, \"expect\": \"Not recommended for climbing\", \"weather\": \"Heavy rains\"}, {\"abbr\": \"MAY\", \"band\": \"low\", \"icon\": \"rain\", \"price\": \"$\", \"crowds\": 1, \"expect\": \"Snow on the summit, challenging\", \"weather\": \"Persistent rain\"}, {\"abbr\": \"JUN\", \"band\": \"good\", \"icon\": \"sun\", \"price\": \"$$$\", \"crowds\": 3, \"expect\": \"Clear air, ideal for photography\", \"weather\": \"Cold and dry\"}, {\"abbr\": \"JUL\", \"band\": \"peak\", \"icon\": \"sun\", \"price\": \"$$$$\", \"crowds\": 4, \"expect\": \"Busy season, clear summit days\", \"weather\": \"Very cold\"}, {\"abbr\": \"AUG\", \"band\": \"peak\", \"icon\": \"sun\", \"price\": \"$$$$\", \"crowds\": 5, \"expect\": \"Peak climbing season\", \"weather\": \"Dry and clear\"}, {\"abbr\": \"SEP\", \"band\": \"peak\", \"icon\": \"sun\", \"price\": \"$$$$\", \"crowds\": 5, \"expect\": \"Excellent all-round conditions\", \"weather\": \"Warmer air\"}, {\"abbr\": \"OCT\", \"band\": \"good\", \"icon\": \"sun\", \"price\": \"$$$\", \"crowds\": 3, \"expect\": \"Good climbing with dramatic clouds\", \"weather\": \"Cloudier skies\"}, {\"abbr\": \"NOV\", \"band\": \"good\", \"icon\": \"rain\", \"price\": \"$$\", \"crowds\": 2, \"expect\": \"Quiet mountain, lush lower slopes\", \"weather\": \"Short rains\"}, {\"abbr\": \"DEC\", \"band\": \"peak\", \"icon\": \"sun\", \"price\": \"$$$$\", \"crowds\": 4, \"expect\": \"Celebratory summit attempts\", \"weather\": \"Holiday festive\"}]','[{\"name\": \"The Main Summit Window\", \"dates\": \"January - March\", \"image\": \"https://images.unsplash.com/photo-1547471080-7cc2caa01a7e?w=800&q=80\", \"highlights\": [\"Clear skies\", \"Warmest weather\", \"Best summit luck\"]}, {\"name\": \"The Winter Challenge\", \"dates\": \"June - September\", \"image\": \"https://images.unsplash.com/photo-1535338454528-1b5a4f159e53?w=800&q=80\", \"highlights\": [\"Crisp air\", \"Amazing visibility\", \"Dynamic atmosphere\"]}, {\"name\": \"The Quiet Path\", \"dates\": \"October - December\", \"image\": \"https://images.unsplash.com/photo-1502481851512-e9e2529bbbf9?w=800&q=80\", \"highlights\": [\"Fewer climbers\", \"Lush lower slopes\", \"Dramatic vistas\"]}]','[{\"tags\": [\"Adventure\", \"Trek\"], \"title\": \"Machame Route Trek\", \"description\": \"The \\\"Whiskey\\\" route, known for its scenic beauty and challenging sections like the Barranco Wall.\"}, {\"tags\": [\"Remote\", \"Scenic\"], \"title\": \"Lemosho Route Expedition\", \"description\": \"A longer, more remote route offering superior acclimatization and breathtaking forest starts.\"}, {\"tags\": [\"Intro\", \"Nature\"], \"title\": \"Marangu Day Hike\", \"description\": \"A perfect taste of the mountain for those not seeking a full summit attempt, reaching the first camp through dense rainforest.\"}]','[\"https://images.unsplash.com/photo-1502481851512-e9e2529bbbf9?w=800&q=80\", \"https://images.unsplash.com/photo-1535338454528-1b5a4f159e53?w=800&q=80\", \"https://images.unsplash.com/photo-1547471080-7cc2caa01a7e?w=800&q=80\"]','{\"visa\": \"Standard Tanzanian eVisa applies\", \"best_time\": \"January to March and June to September\", \"transport\": \"Standard vehicles to park gates, then on foot\", \"flying_time\": \"1h drive from Kilimanjaro Airport (JRO)\"}','[\"arusha\", \"serengeti\", \"tarangire\"]','2026-04-03 19:51:45','2026-04-07 09:41:16'),(17,'ruaha','Ruaha National Park','Southern Circuit','A vast wilderness of baobabs and massive lion prides.','20,226 km²','REMOTE GIANT','http://localhost:8000/storage/destinations/JPDjt5phiLmZ5NwRe8XxA5X81Znk1sT1I08cRAJG.jpg','http://localhost:8000/storage/destinations/U6G03pKHk5NZdvlqKShwdWdOC9zj94kvEiRWVVH9.jpg','Ruaha is Africa as it was a century ago: wild, rugged, and completely uncompromising.','published','[{\"icon\": \"paw\", \"label\": \"WILDLIFE\", \"value\": \"Wild Dogs\"}, {\"icon\": \"calendar\", \"label\": \"PEAK TIME\", \"value\": \"Jun - Oct\"}, {\"icon\": \"thermometer\", \"label\": \"AVG TEMP\", \"value\": \"28°C\"}, {\"icon\": \"map\", \"label\": \"SIZE\", \"value\": \"20K km²\"}]','[\"Ruaha National Park is the largest national park in Tanzania, yet it remains one of its best-kept secrets. This is a wilderness of staggering proportions, characterized by a rugged landscape of ancient baobabs, rocky hills, and the Great Ruaha River. It is a place for the serious safari-goer, where the wildlife is wild and the human footprint is incredibly light.\",\"The park is legendary for its predator population, specifically its massive lion prides which can sometimes number over 20 individuals. It is also one of the few places in East Africa where you can see both Greater and Lesser Kudu, alongside a significant population of the endangered African wild dog. The river banks are a constant theater of life, drawing elephants, buffalos, and waterbucks in high numbers during the dry season.\",\"Because of its remote location, Ruaha offers a level of exclusivity and solitude that is hard to find in the northern parks. You can drive for hours without seeing another vehicle, allowing for an intimate connection with the landscape. Whether you are tracking leopards in the riverine forest or watching the sun set behind a thousand-year-old baobab, Ruaha delivers a raw and authentic African experience.\"]','[{\"fact\": \"Ruaha holds about 10% of the world\'s remaining lion population, with famously large prides.\", \"name\": \"Lion\", \"image\": \"https://images.unsplash.com/photo-1614027164847-1b28cfe1df60?w=640&q=80\", \"likelihood\": \"Very Common\"}, {\"fact\": \"One of the best places in Africa to search for these highly social and endangered predators.\", \"name\": \"Wild Dog\", \"image\": \"https://images.unsplash.com/photo-1575550959106-5a7defe28b56?w=640&q=80\", \"likelihood\": \"Rare\"}, {\"fact\": \"The park\'s emblem, these elegant antelopes are frequently seen in the bush lands.\", \"name\": \"Greater Kudu\", \"image\": \"https://images.unsplash.com/photo-1549366021-9f761d450615?w=640&q=80\", \"likelihood\": \"Common\"}, {\"fact\": \"Massive herds congregate along the Great Ruaha River during the dry months.\", \"name\": \"Elephant\", \"image\": \"https://images.unsplash.com/photo-1557050543-4d5f4e07ef46?w=640&q=80\", \"likelihood\": \"Very Common\"}, {\"fact\": \"Often spotted in the large trees lining the riverbanks and rocky outcrops.\", \"name\": \"Leopard\", \"image\": \"https://images.unsplash.com/photo-1575550959106-5a7defe28b56?w=640&q=80\", \"likelihood\": \"Common\"}]','[{\"abbr\": \"JAN\", \"band\": \"good\", \"icon\": \"sun\", \"price\": \"$$\", \"crowds\": 2, \"expect\": \"Lush landscapes, active birdlife\", \"weather\": \"Warm and green\"}, {\"abbr\": \"FEB\", \"band\": \"good\", \"icon\": \"sun\", \"price\": \"$$\", \"crowds\": 2, \"expect\": \"Good sightings at the river pools\", \"weather\": \"Hot and clear\"}, {\"abbr\": \"MAR\", \"band\": \"good\", \"icon\": \"rain\", \"price\": \"$$\", \"crowds\": 1, \"expect\": \"Emerald vistas, calm atmosphere\", \"weather\": \"Short rains\"}, {\"abbr\": \"APR\", \"band\": \"low\", \"icon\": \"rain\", \"price\": \"$\", \"crowds\": 1, \"expect\": \"Lush but challenging road conditions\", \"weather\": \"Heavy rains\"}, {\"abbr\": \"MAY\", \"band\": \"low\", \"icon\": \"rain\", \"price\": \"$\", \"crowds\": 1, \"expect\": \"Solitude and vibrant photography\", \"weather\": \"Quiet rains\"}, {\"abbr\": \"JUN\", \"band\": \"good\", \"icon\": \"sun\", \"price\": \"$$$\", \"crowds\": 3, \"expect\": \"Excellent game viewing begins\", \"weather\": \"Dry and crisp\"}, {\"abbr\": \"JUL\", \"band\": \"peak\", \"icon\": \"sun\", \"price\": \"$$$$\", \"crowds\": 4, \"expect\": \"Peak season for predator activity\", \"weather\": \"Cool and dry\"}, {\"abbr\": \"AUG\", \"band\": \"peak\", \"icon\": \"sun\", \"price\": \"$$$$\", \"crowds\": 4, \"expect\": \"High wildlife concentration at water\", \"weather\": \"Dry and clear\"}, {\"abbr\": \"SEP\", \"band\": \"peak\", \"icon\": \"sun\", \"price\": \"$$$$\", \"crowds\": 4, \"expect\": \"Best time for big cat sightings\", \"weather\": \"Warm and dry\"}, {\"abbr\": \"OCT\", \"band\": \"good\", \"icon\": \"sun\", \"price\": \"$$$\", \"crowds\": 3, \"expect\": \"Golden landscapes, intense blue horizons\", \"weather\": \"Warming up\"}, {\"abbr\": \"NOV\", \"band\": \"good\", \"icon\": \"rain\", \"price\": \"$$\", \"crowds\": 2, \"expect\": \"Fresh greening of the bush\", \"weather\": \"Short rains\"}, {\"abbr\": \"DEC\", \"band\": \"peak\", \"icon\": \"sun\", \"price\": \"$$$$\", \"crowds\": 3, \"expect\": \"Festive safari vibe in central\", \"weather\": \"Holiday season\"}]','[{\"name\": \"The Predator peak\", \"dates\": \"July - October\", \"image\": \"https://images.unsplash.com/photo-1547471080-7cc2caa01a7e?w=800&q=80\", \"highlights\": [\"Large lion prides\", \"Wild dog tracking\", \"River action\"]}, {\"name\": \"The Emerald Wilderness\", \"dates\": \"November - March\", \"image\": \"https://images.unsplash.com/photo-1516426122078-c23e76319801?w=800&q=80\", \"highlights\": [\"Migratory birds\", \"Lush baobabs\", \"Newborn animals\"]}, {\"name\": \"The Solitude Season\", \"dates\": \"April - May\", \"image\": \"https://images.unsplash.com/photo-1535338454528-1b5a4f159e53?w=800&q=80\", \"highlights\": [\"Total wilderness feel\", \"No other vehicles\", \"Dramatic light\"]}]','[{\"tags\": [\"Wildlife\", \"Intense\"], \"title\": \"Ruaha River Tracking\", \"description\": \"Follow the lifeblood of the park on a game drive, witnessing the intense daily drama at the water\'s edge.\"}, {\"tags\": [\"Walking\", \"Adventure\"], \"title\": \"Walking with the Giants\", \"description\": \"A guided walk among the ancient baobabs, learning about the smaller inhabitants and tracking predators on foot.\"}, {\"tags\": [\"Luxury\", \"Serene\"], \"title\": \"Bush Picnic at Sunset\", \"description\": \"Enjoy a private sundowner overlooking the vast plains as the sky turns into a canvas of oranges and purples.\"}]','[\"https://images.unsplash.com/photo-1547471080-7cc2caa01a7e?w=800&q=80\", \"https://images.unsplash.com/photo-1516426122078-c23e76319801?w=800&q=80\", \"https://images.unsplash.com/photo-1535338454528-1b5a4f159e53?w=800&q=80\"]','{\"visa\": \"Standard Tanzanian eVisa applies\", \"best_time\": \"July to October for game viewing\", \"transport\": \"Exclusively by light aircraft and 4x4 safari vehicles\", \"flying_time\": \"1.5h to 2h flight from Dar es Salaam or Arusha\"}','[\"selous\", \"mikumi\", \"serengeti\"]','2026-04-03 19:51:45','2026-04-07 09:59:41'),(18,'selous','Nyerere National Park (Selous)','Southern Circuit','A watery wilderness of rivers, lakes, and wild dogs.','30,893 km²','LARGEST RESERVE','http://localhost:8000/storage/destinations/ogO6ZbSYiSogjEkpigrietSpabD1g4Z2IzGzFkG3.jpg','http://localhost:8000/storage/destinations/0IIHkg2ukmRDVCUE0UkYs9GHYzRhGRTz0pGJepBK.jpg','Drifting silently down the Rufiji River as the sun sets is the quintessential Selous experience.','published','[{\"icon\": \"paw\", \"label\": \"WILDLIFE\", \"value\": \"Wild Dogs\"}, {\"icon\": \"calendar\", \"label\": \"PEAK TIME\", \"value\": \"Jun - Oct\"}, {\"icon\": \"thermometer\", \"label\": \"AVG TEMP\", \"value\": \"30°C\"}, {\"icon\": \"map\", \"label\": \"SIZE\", \"value\": \"30K km²\"}]','[\"Nyerere National Park, formerly known as the Selous Game Reserve, is a vast watery wilderness that offers a completely different safari experience from the northern plains. Dominated by the mighty Rufiji River and its complex system of lakes and lagoons, the park is a lush, sprawling sanctuary where the water is the lifeblood of the ecosystem.\",\"The defining feature of Nyerere is the ability to conduct boat safaris, allowing you to drift silently among pods of hippos and massive crocodiles while observing elephants and buffalos drinking at the water\'s edge. It is also one of the last great strongholds of the African wild dog, which flourish in the park\'s diverse mix of riverine forest, palm groves, and open grasslands.\",\"Because of its size and the variety of its habitats, Nyerere offers an incredible range of activities, from traditional game drives and boat safaris to guided walking tours. The human footprint here is minimal, and the sense of exploration is palpable. Whether you are navigating the intricate channels of the delta or tracking a lion pride through the bush, Nyerere provides a raw and immersive wilderness adventure.\"]','[{\"fact\": \"Nyerere is one of the best places in the world to see the highly endangered and social African wild dog.\", \"name\": \"Wild Dog\", \"image\": \"https://images.unsplash.com/photo-1575550959106-5a7defe28b56?w=640&q=80\", \"likelihood\": \"Common\"}, {\"fact\": \"The Rufiji River is home to massive pods of hippos, which are best seen from a boat safari.\", \"name\": \"Hippo\", \"image\": \"https://images.unsplash.com/photo-1534149043227-d4677db02787?w=640&q=80\", \"likelihood\": \"Very Common\"}, {\"fact\": \"Huge Nile crocodiles bask along the riverbanks and can be seen in the various lakes.\", \"name\": \"Crocodile\", \"image\": \"https://images.unsplash.com/photo-1516298773066-c48f8e9a4842?w=640&q=80\", \"likelihood\": \"Very Common\"}, {\"fact\": \"Large herds move between the river and the inland bush year-round.\", \"name\": \"Elephant\", \"image\": \"https://images.unsplash.com/photo-1557050543-4d5f4e07ef46?w=640&q=80\", \"likelihood\": \"Very Common\"}, {\"fact\": \"Lion prides are frequently found near the lakes and lagoons where prey is abundant.\", \"name\": \"Lion\", \"image\": \"https://images.unsplash.com/photo-1614027164847-1b28cfe1df60?w=640&q=80\", \"likelihood\": \"Common\"}]','[{\"abbr\": \"JAN\", \"band\": \"good\", \"icon\": \"sun\", \"price\": \"$$\", \"crowds\": 2, \"expect\": \"Lush scenery, great boat birding\", \"weather\": \"Hot and green\"}, {\"abbr\": \"FEB\", \"band\": \"good\", \"icon\": \"sun\", \"price\": \"$$\", \"crowds\": 2, \"expect\": \"Wildlife concentrated near the river\", \"weather\": \"Very hot\"}, {\"abbr\": \"MAR\", \"band\": \"good\", \"icon\": \"rain\", \"price\": \"$$\", \"crowds\": 1, \"expect\": \"Emerald landscapes, quiet atmosphere\", \"weather\": \"Short rains\"}, {\"abbr\": \"APR\", \"band\": \"low\", \"icon\": \"rain\", \"price\": \"$\", \"crowds\": 1, \"expect\": \"Many camps close, very lush\", \"weather\": \"Peak rains\"}, {\"abbr\": \"MAY\", \"band\": \"low\", \"icon\": \"rain\", \"price\": \"$\", \"crowds\": 1, \"expect\": \"Quiet, fresh greenery everywhere\", \"weather\": \"Rains finish\"}, {\"abbr\": \"JUN\", \"band\": \"good\", \"icon\": \"sun\", \"price\": \"$$$\", \"crowds\": 3, \"expect\": \"Excellent game viewing begins\", \"weather\": \"Cooler and dry\"}, {\"abbr\": \"JUL\", \"band\": \"peak\", \"icon\": \"sun\", \"price\": \"$$$$\", \"crowds\": 4, \"expect\": \"Peak season for wild dog sightings\", \"weather\": \"Dry and pleasant\"}, {\"abbr\": \"AUG\", \"band\": \"peak\", \"icon\": \"sun\", \"price\": \"$$$$\", \"crowds\": 4, \"expect\": \"Best time for boat safaris\", \"weather\": \"Dry and clear\"}, {\"abbr\": \"SEP\", \"band\": \"peak\", \"icon\": \"sun\", \"price\": \"$$$$\", \"crowds\": 4, \"expect\": \"Intense activity at the riverbanks\", \"weather\": \"Hot and dry\"}, {\"abbr\": \"OCT\", \"band\": \"good\", \"icon\": \"sun\", \"price\": \"$$$\", \"crowds\": 3, \"expect\": \"Golden grass, high wildlife density\", \"weather\": \"Very hot\"}, {\"abbr\": \"NOV\", \"band\": \"good\", \"icon\": \"rain\", \"price\": \"$$\", \"crowds\": 2, \"expect\": \"Birdlife returns, fresh greening\", \"weather\": \"Short rains\"}, {\"abbr\": \"DEC\", \"band\": \"peak\", \"icon\": \"sun\", \"price\": \"$$$$\", \"crowds\": 3, \"expect\": \"Festive vibe, excellent birding\", \"weather\": \"Holiday season\"}]','[{\"name\": \"The River Discovery\", \"dates\": \"June - October\", \"image\": \"https://images.unsplash.com/photo-1549366021-9f761d450615?w=800&q=80\", \"highlights\": [\"Boat safaris\", \"Wild dog action\", \"Dry river drama\"]}, {\"name\": \"The Emerald Delta\", \"dates\": \"November - March\", \"image\": \"https://images.unsplash.com/photo-1516298773066-c48f8e9a4842?w=800&q=80\", \"highlights\": [\"Lush vegetation\", \"Birding peak\", \"No crowds\"]}, {\"name\": \"The Quiet Solitude\", \"dates\": \"April - May\", \"image\": \"https://images.unsplash.com/photo-1535338454528-1b5a4f159e53?w=800&q=80\", \"highlights\": [\"Total wilderness feel\", \"Exclusive access\", \"Dramatic photography\"]}]','[{\"tags\": [\"Water\", \"Iconic\"], \"title\": \"Rufiji River Boat Safari\", \"description\": \"Drift among hippos and crocodiles on Africa\'s most spectacular river safari experience.\"}, {\"tags\": [\"Walking\", \"Adventure\"], \"title\": \"Selous Walking Safari\", \"description\": \"Explore the smaller details of the reserve on foot with an expert guide and armed ranger.\"}, {\"tags\": [\"Adventure\", \"Luxury\"], \"title\": \"Sand River Fly-camping\", \"description\": \"Spend a night under the stars in a remote mobile camp, the ultimate wilderness experience.\"}]','[\"https://images.unsplash.com/photo-1549366021-9f761d450615?w=800&q=80\", \"https://images.unsplash.com/photo-1516298773066-c48f8e9a4842?w=800&q=80\", \"https://images.unsplash.com/photo-1535338454528-1b5a4f159e53?w=800&q=80\"]','{\"visa\": \"Standard Tanzanian eVisa applies\", \"best_time\": \"June to October for boat safaris and game viewing\", \"transport\": \"Exclusively by light aircraft, boat, and 4x4 vehicles\", \"flying_time\": \"45m flight from Dar es Salaam or Zanzibar\"}','[\"ruaha\", \"mikumi\", \"zanzibar\"]','2026-04-03 19:51:45','2026-04-07 09:57:04'),(19,'zanzibar','Zanzibar Archipelago','Coastal Region','The spice islands of white sands and azure waters.','2,462 km²','ISLAND PARADISE','http://localhost:8000/storage/destinations/ySSaOCs4vf0uBvSadzTv394JNFsgH3ZPcDO0jZYM.jpg','http://localhost:8000/storage/destinations/ORAzm9xmXNJjRk09SERBLViY2FPvX088z8CCozV4.jpg','Walking through Stone Town is like stepping back into a layered history written in coral stone and spice-scented air.','published','[{\"icon\": \"sun\", \"label\": \"WEATHER\", \"value\": \"Tropical\"}, {\"icon\": \"calendar\", \"label\": \"PEAK TIME\", \"value\": \"Jun - Feb\"}, {\"icon\": \"thermometer\", \"label\": \"AVG TEMP\", \"value\": \"28°C\"}, {\"icon\": \"map\", \"label\": \"SIZE\", \"value\": \"2,462 km²\"}]','[\"Zanzibar is much more than a tropical island, it is a sensory journey through centuries of layered history. Floating in the turquoise waters of the Indian Ocean, the archipelago is a blend of ancient Swahili culture, fragrant spice plantations, and some of the world\'s most breathtaking white-sand beaches. This is a place where time slows down to the rhythm of the tides and the gentle creak of traditional dhows.\",\"Stone Town, the island\'s historic heart, is a UNESCO World Heritage site known for its labyrinthine alleys, intricately carved teak doors, and bustling spice markets. Every corner tells a story of the Omani sultans, Portuguese explorers, and the rich Swahili heritage that defines the island today. Farther afield, the coastline offers a paradise of palm-fringed beaches, coral reefs teeming with marine life, and the unique Jozani Forest, home to the endemic red colobus monkey.\",\"Whether you are diving in the pristine waters of the Mnemba Atoll, exploring the history of the spice trade, or simply watching the sun set over the Indian Ocean from a beachfront bar, Zanzibar provides the perfect post-safari retreat. It is a place for relaxation, discovery, and an deep immersion into a culture that is as warm and inviting as the tropical sun. The Spice Islands are a world unto themselves.\"]','[{\"fact\": \"Endemic to Zanzibar, these playful monkeys are best seen in the Jozani Chwaka Bay National Park.\", \"name\": \"Red Colobus Monkey\", \"image\": \"https://images.unsplash.com/photo-1555524330-9ec8058309ec?w=640&q=80\", \"likelihood\": \"Common\"}, {\"fact\": \"Frequently seen in effectively protected areas like the Menai Bay Conservation Area.\", \"name\": \"Dolphin\", \"image\": \"https://images.unsplash.com/photo-1590523277543-a94d2e4eb00b?w=640&q=80\", \"likelihood\": \"Common\"}, {\"fact\": \"Green sea turtles nest on several of the archipelago\'s remote beaches and satellite islands.\", \"name\": \"Turtles\", \"image\": \"https://images.unsplash.com/photo-1586861635167-e5223aadc9fe?w=640&q=80\", \"likelihood\": \"Common\"}, {\"fact\": \"A protected population can be visited on Prison Island, some individuals are over 150 years old.\", \"name\": \"Giant Aldabra Tortoise\", \"image\": \"https://images.unsplash.com/photo-1590523277543-a94d2e4eb00b?w=640&q=80\", \"likelihood\": \"Very Common\"}, {\"fact\": \"One of the smallest antelopes in the world, found in the island\'s dry forests and thickets.\", \"name\": \"Suni Antelope\", \"image\": \"https://images.unsplash.com/photo-1546272989-40c92939c6c2?w=640&q=80\", \"likelihood\": \"Rare\"}]','[{\"abbr\": \"JAN\", \"band\": \"peak\", \"icon\": \"sun\", \"price\": \"$$$$\", \"crowds\": 4, \"expect\": \"Perfect beach weather, calm seas\", \"weather\": \"Hot and clear\"}, {\"abbr\": \"FEB\", \"band\": \"peak\", \"icon\": \"sun\", \"price\": \"$$$$\", \"crowds\": 4, \"expect\": \"Ideal for diving and snorkeling\", \"weather\": \"Warm and dry\"}, {\"abbr\": \"MAR\", \"band\": \"good\", \"icon\": \"rain\", \"price\": \"$$$\", \"crowds\": 2, \"expect\": \"Lush scenery, occasional showers\", \"weather\": \"Short rains begin\"}, {\"abbr\": \"APR\", \"band\": \"low\", \"icon\": \"rain\", \"price\": \"$\", \"crowds\": 1, \"expect\": \"Some resorts close, very quiet\", \"weather\": \"Heavy rains\"}, {\"abbr\": \"MAY\", \"band\": \"low\", \"icon\": \"rain\", \"price\": \"$\", \"crowds\": 1, \"expect\": \"Fresh and green, quiet beaches\", \"weather\": \"Rains finish\"}, {\"abbr\": \"JUN\", \"band\": \"good\", \"icon\": \"sun\", \"price\": \"$$$\", \"crowds\": 3, \"expect\": \"Excellent all-round conditions\", \"weather\": \"Cooler and dry\"}, {\"abbr\": \"JUL\", \"band\": \"peak\", \"icon\": \"sun\", \"price\": \"$$$$\", \"crowds\": 5, \"expect\": \"Peak holiday season, lively atmosphere\", \"weather\": \"Sunny and dry\"}, {\"abbr\": \"AUG\", \"band\": \"peak\", \"icon\": \"sun\", \"price\": \"$$$$\", \"crowds\": 5, \"expect\": \"Clear water, perfect for islands\", \"weather\": \"Sunny and dry\"}, {\"abbr\": \"SEP\", \"band\": \"peak\", \"icon\": \"sun\", \"price\": \"$$$$\", \"crowds\": 4, \"expect\": \"Excellent visibility for marine life\", \"weather\": \"Warm and dry\"}, {\"abbr\": \"OCT\", \"band\": \"good\", \"icon\": \"sun\", \"price\": \"$$$\", \"crowds\": 3, \"expect\": \"Golden sunsets, warm waters\", \"weather\": \"Hot and dry\"}, {\"abbr\": \"NOV\", \"band\": \"good\", \"icon\": \"rain\", \"price\": \"$$$\", \"crowds\": 3, \"expect\": \"Dramatic skies, lush palms\", \"weather\": \"Short rains\"}, {\"abbr\": \"DEC\", \"band\": \"peak\", \"icon\": \"sun\", \"price\": \"$$$$\", \"crowds\": 5, \"expect\": \"Festive island celebrations\", \"weather\": \"Hot and festive\"}]','[{\"name\": \"The Sunny Archipelago\", \"dates\": \"December - March\", \"image\": \"https://images.unsplash.com/photo-1590523277543-a94d2e4eb00b?w=800&q=80\", \"highlights\": [\"Calm azure waters\", \"Diving peak\", \"Starlit beach dinners\"]}, {\"name\": \"The Spice Harvest\", \"dates\": \"June - October\", \"image\": \"https://images.unsplash.com/photo-1586861635167-e5223aadc9fe?w=800&q=80\", \"highlights\": [\"Cooler air\", \"Historic tours\", \"Vibrant markets\"]}, {\"name\": \"The Emerald Tide\", \"dates\": \"April - May\", \"image\": \"https://images.unsplash.com/photo-1590523277543-a94d2e4eb00b?w=800&q=80\", \"highlights\": [\"Quiet retreats\", \"Lush gardens\", \"Dramatic beachscapes\"]}]','[{\"tags\": [\"History\", \"Culture\"], \"title\": \"Stone Town Walking Tour\", \"description\": \"Explore the historic alleys and hidden gems of the ancient island capital with a local guide.\"}, {\"tags\": [\"Senses\", \"Discovery\"], \"title\": \"Spice Plantation Exploration\", \"description\": \"See, smell, and taste the world-famous spices that gave the island its name and shaped its history.\"}, {\"tags\": [\"Relax\", \"Romance\"], \"title\": \"Sunset Dhow Cruise\", \"description\": \"Sail on a traditional wooden boat as the sun sets over the Indian Ocean, with traditional music and snacks.\"}]','[\"https://images.unsplash.com/photo-1586861635167-e5223aadc9fe?w=800&q=80\", \"https://images.unsplash.com/photo-1590523277543-a94d2e4eb00b?w=800&q=80\", \"https://images.unsplash.com/photo-1586861635167-e5223aadc9fe?w=800&q=80\"]','{\"visa\": \"Standard Tanzanian eVisa applies\", \"best_time\": \"June to February for beach weather and diving\", \"transport\": \"Standard vehicles, traditional dhows, and ferries\", \"flying_time\": \"15m flight from Dar es Salaam or 1h from Arusha\"}','[\"selous\", \"mikumi\", \"serengeti\"]','2026-04-03 19:51:46','2026-04-07 10:03:22'),(20,'mikumi','Mikumi National Park','Southern Circuit','The \"Little Serengeti\" of the south.','3,230 km²','SOUTHERN GEM','http://localhost:8000/storage/destinations/qtqJlZq2QkOvPbmg55Nz5PIc9IGmTvi5OX5ODjDP.jpg','http://localhost:8000/storage/destinations/nBrtrQUEzm1IiznmDOWsnPVijAtPuWWIW0BO1BcC.jpg','The open Mkata Plains offer a visibility and wildlife density that rivals the legendary Serengeti.','published','[{\"icon\": \"paw\", \"label\": \"WILDLIFE\", \"value\": \"Elephants\"}, {\"icon\": \"calendar\", \"label\": \"PEAK TIME\", \"value\": \"Year-round\"}, {\"icon\": \"thermometer\", \"label\": \"AVG TEMP\", \"value\": \"28°C\"}, {\"icon\": \"map\", \"label\": \"SIZE\", \"value\": \"3.2K km²\"}]','[\"Mikumi National Park is the gateway to the Southern Circuit and is often affectionately called the \'Little Serengeti\' due to its open floodplains and incredible wildlife density. Located between the Uluguru Mountains and the Lumango Range, the park is divided by the main road into two distinct sectors, with the northern Mkata Plains being the most wildlife-rich area.\",\"The Mkata Plains are home to massive herds of buffalo, zebra, and wildebeest, which in turn attract large prides of lions. The park is also famous for its \'Mikumi Lions\', which are often found resting in the branches of acacia trees, a behavior usually associated with Lake Manyara. Elephants move through the park in large family groups, and the hippo pools provide reliable sightings of these aquatic giants wallowing in the mud.\",\"What makes Mikumi increasingly accessible is its connection to the new SGR high-speed train from Dar es Salaam. Travellers can now reach the park in a fraction of the time it used to take by road, making it the perfect getaway for those staying in the city or as a high-impact start to a longer southern safari adventure.\"]','[{\"fact\": \"Famous for their habit of resting in trees and their preference for the open Mkata Plains.\", \"name\": \"Lion\", \"image\": \"https://images.unsplash.com/photo-1614027164847-1b28cfe1df60?w=640&q=80\", \"likelihood\": \"Very Common\"}, {\"fact\": \"Large herds move across the plains, often seen near the park\'s waterholes.\", \"name\": \"Elephant\", \"image\": \"https://images.unsplash.com/photo-1557050543-4d5f4e07ef46?w=640&q=80\", \"likelihood\": \"Very Common\"}, {\"fact\": \"Massive herds congregate near the Mkata riverbed during the dry season.\", \"name\": \"Buffalo\", \"image\": \"https://images.unsplash.com/photo-1549366021-9f761d450615?w=640&q=80\", \"likelihood\": \"Very Common\"}, {\"fact\": \"The Maasai giraffe is found in abundance throughout the acacia woodlands.\", \"name\": \"Giraffe\", \"image\": \"https://images.unsplash.com/photo-1555524330-9ec8058309ec?w=640&q=80\", \"likelihood\": \"Common\"}, {\"fact\": \"The largest antelope in Africa is frequently seen in the park\'s more open areas.\", \"name\": \"Eland\", \"image\": \"https://images.unsplash.com/photo-1546272989-40c92939c6c2?w=640&q=80\", \"likelihood\": \"Common\"}]','[{\"abbr\": \"JAN\", \"band\": \"good\", \"icon\": \"sun\", \"price\": \"$$\", \"crowds\": 2, \"expect\": \"Lush savanna, active birdlife\", \"weather\": \"Warm and green\"}, {\"abbr\": \"FEB\", \"band\": \"good\", \"icon\": \"sun\", \"price\": \"$$\", \"crowds\": 2, \"expect\": \"Good sightings at hippo pools\", \"weather\": \"Hot and clear\"}, {\"abbr\": \"MAR\", \"band\": \"good\", \"icon\": \"rain\", \"price\": \"$$\", \"crowds\": 1, \"expect\": \"Emerald landscapes, calm atmosphere\", \"weather\": \"Short rains\"}, {\"abbr\": \"APR\", \"band\": \"low\", \"icon\": \"rain\", \"price\": \"$\", \"crowds\": 1, \"expect\": \"Lush but challenging road conditions\", \"weather\": \"Heavy rains\"}, {\"abbr\": \"MAY\", \"band\": \"low\", \"icon\": \"rain\", \"price\": \"$\", \"crowds\": 1, \"expect\": \"Solitude and vibrant photography\", \"weather\": \"Quiet rains\"}, {\"abbr\": \"JUN\", \"band\": \"good\", \"icon\": \"sun\", \"price\": \"$$$\", \"crowds\": 3, \"expect\": \"Excellent game viewing begins\", \"weather\": \"Dry and crisp\"}, {\"abbr\": \"JUL\", \"band\": \"peak\", \"icon\": \"sun\", \"price\": \"$$$$\", \"crowds\": 4, \"expect\": \"Peak season for lion sightings\", \"weather\": \"Cool and dry\"}, {\"abbr\": \"AUG\", \"band\": \"peak\", \"icon\": \"sun\", \"price\": \"$$$$\", \"crowds\": 4, \"expect\": \"High wildlife concentration at water\", \"weather\": \"Dry and clear\"}, {\"abbr\": \"SEP\", \"band\": \"peak\", \"icon\": \"sun\", \"price\": \"$$$$\", \"crowds\": 4, \"expect\": \"Best time for predator action\", \"weather\": \"Warm and dry\"}, {\"abbr\": \"OCT\", \"band\": \"good\", \"icon\": \"sun\", \"price\": \"$$$\", \"crowds\": 3, \"expect\": \"Golden grass, intense blue horizons\", \"weather\": \"Warming up\"}, {\"abbr\": \"NOV\", \"band\": \"good\", \"icon\": \"rain\", \"price\": \"$$\", \"crowds\": 2, \"expect\": \"Fresh greening of the plains\", \"weather\": \"Short rains\"}, {\"abbr\": \"DEC\", \"band\": \"peak\", \"icon\": \"sun\", \"price\": \"$$$$\", \"crowds\": 3, \"expect\": \"Festive safari vibe in central\", \"weather\": \"Holiday season\"}]','[{\"name\": \"The Big Game Window\", \"dates\": \"June - September\", \"image\": \"https://images.unsplash.com/photo-1549366021-9f761d450615?w=800&q=80\", \"highlights\": [\"Elephant herds\", \"Lion hunting\", \"Best visibility\"]}, {\"name\": \"The Birding Emerald\", \"dates\": \"November - March\", \"image\": \"https://images.unsplash.com/photo-1516298773066-c48f8e9a4842?w=800&q=80\", \"highlights\": [\"Migratory birds\", \"Lush scenery\", \"No crowds\"]}, {\"name\": \"Weekend Rail Getaway\", \"dates\": \"Year-round\", \"image\": \"https://images.unsplash.com/photo-1535338454528-1b5a4f159e53?w=800&q=80\", \"highlights\": [\"SGR train journey\", \"Quick access\", \"Family friendly\"]}]','[{\"tags\": [\"Wildlife\", \"Iconic\"], \"title\": \"Mkata Plains Game Drive\", \"description\": \"Patrol the vast open plains where wildlife concentration is at its highest, including the famous tree-climbing lions.\"}, {\"tags\": [\"Wildlife\", \"Water\"], \"title\": \"Hippo Pool Visit\", \"description\": \"Observe large pods of hippos and crocodiles from the safety of a designated viewpoint near the Mkata River.\"}, {\"tags\": [\"Rail\", \"Travel\"], \"title\": \"SGR Train Safari\", \"description\": \"Combine your safari with a journey on the modern SGR high-speed train, a comfortable and scenic way to reach the park.\"}]','[\"https://images.unsplash.com/photo-1516298773066-c48f8e9a4842?w=800&q=80\", \"https://images.unsplash.com/photo-1549366021-9f761d450615?w=800&q=80\", \"https://images.unsplash.com/photo-1535338454528-1b5a4f159e53?w=800&q=80\"]','{\"visa\": \"Standard Tanzanian eVisa applies\", \"best_time\": \"June to September for large herds and predators\", \"transport\": \"Accessible by rail, road, or light aircraft\", \"flying_time\": \"1.5h by SGR train from Dar es Salaam or 4h drive\"}','[\"selous\", \"ruaha\", \"zanzibar\"]','2026-04-03 19:51:46','2026-04-07 09:54:43');
/*!40000 ALTER TABLE `destinations` ENABLE KEYS */;
UNLOCK TABLES;

--
-- Table structure for table `email_templates`
--

DROP TABLE IF EXISTS `email_templates`;
/*!40101 SET @saved_cs_client     = @@character_set_client */;
/*!50503 SET character_set_client = utf8mb4 */;
CREATE TABLE `email_templates` (
  `id` bigint unsigned NOT NULL AUTO_INCREMENT,
  `type` varchar(255) COLLATE utf8mb4_unicode_ci NOT NULL,
  `subject` varchar(255) COLLATE utf8mb4_unicode_ci NOT NULL,
  `body` text COLLATE utf8mb4_unicode_ci NOT NULL,
  `variables` json DEFAULT NULL,
  `created_at` timestamp NULL DEFAULT NULL,
  `updated_at` timestamp NULL DEFAULT NULL,
  PRIMARY KEY (`id`),
  UNIQUE KEY `email_templates_type_unique` (`type`)
) ENGINE=InnoDB DEFAULT CHARSET=utf8mb4 COLLATE=utf8mb4_unicode_ci;
/*!40101 SET character_set_client = @saved_cs_client */;

--
-- Dumping data for table `email_templates`
--

LOCK TABLES `email_templates` WRITE;
/*!40000 ALTER TABLE `email_templates` DISABLE KEYS */;
/*!40000 ALTER TABLE `email_templates` ENABLE KEYS */;
UNLOCK TABLES;

--
-- Table structure for table `enquiries`
--

DROP TABLE IF EXISTS `enquiries`;
/*!40101 SET @saved_cs_client     = @@character_set_client */;
/*!50503 SET character_set_client = utf8mb4 */;
CREATE TABLE `enquiries` (
  `id` bigint unsigned NOT NULL AUTO_INCREMENT,
  `guest_name` varchar(255) COLLATE utf8mb4_unicode_ci NOT NULL,
  `email` varchar(255) COLLATE utf8mb4_unicode_ci NOT NULL,
  `whatsapp` varchar(255) COLLATE utf8mb4_unicode_ci DEFAULT NULL,
  `country` varchar(255) COLLATE utf8mb4_unicode_ci DEFAULT NULL,
  `country_flag` varchar(255) COLLATE utf8mb4_unicode_ci DEFAULT NULL,
  `safari_interest` varchar(255) COLLATE utf8mb4_unicode_ci DEFAULT NULL,
  `preferred_dates` varchar(255) COLLATE utf8mb4_unicode_ci DEFAULT NULL,
  `travelers` varchar(255) COLLATE utf8mb4_unicode_ci DEFAULT NULL,
  `budget` varchar(255) COLLATE utf8mb4_unicode_ci DEFAULT NULL,
  `message` text COLLATE utf8mb4_unicode_ci,
  `status` varchar(255) COLLATE utf8mb4_unicode_ci NOT NULL DEFAULT 'new',
  `is_read` tinyint(1) NOT NULL DEFAULT '0',
  `received_at` timestamp NULL DEFAULT NULL,
  `source` varchar(255) COLLATE utf8mb4_unicode_ci DEFAULT NULL,
  `replies` json DEFAULT NULL,
  `tags` json DEFAULT NULL,
  `created_at` timestamp NULL DEFAULT NULL,
  `updated_at` timestamp NULL DEFAULT NULL,
  PRIMARY KEY (`id`)
) ENGINE=InnoDB AUTO_INCREMENT=9 DEFAULT CHARSET=utf8mb4 COLLATE=utf8mb4_unicode_ci;
/*!40101 SET character_set_client = @saved_cs_client */;

--
-- Dumping data for table `enquiries`
--

LOCK TABLES `enquiries` WRITE;
/*!40000 ALTER TABLE `enquiries` DISABLE KEYS */;
/*!40000 ALTER TABLE `enquiries` ENABLE KEYS */;
UNLOCK TABLES;

--
-- Table structure for table `faq_categories`
--

DROP TABLE IF EXISTS `faq_categories`;
/*!40101 SET @saved_cs_client     = @@character_set_client */;
/*!50503 SET character_set_client = utf8mb4 */;
CREATE TABLE `faq_categories` (
  `id` bigint unsigned NOT NULL AUTO_INCREMENT,
  `slug` varchar(255) COLLATE utf8mb4_unicode_ci NOT NULL,
  `name` varchar(255) COLLATE utf8mb4_unicode_ci NOT NULL,
  `icon` varchar(255) COLLATE utf8mb4_unicode_ci DEFAULT NULL,
  `teaser` varchar(255) COLLATE utf8mb4_unicode_ci DEFAULT NULL,
  `sort_order` int NOT NULL DEFAULT '0',
  `created_at` timestamp NULL DEFAULT NULL,
  `updated_at` timestamp NULL DEFAULT NULL,
  PRIMARY KEY (`id`),
  UNIQUE KEY `faq_categories_slug_unique` (`slug`)
) ENGINE=InnoDB AUTO_INCREMENT=9 DEFAULT CHARSET=utf8mb4 COLLATE=utf8mb4_unicode_ci;
/*!40101 SET character_set_client = @saved_cs_client */;

--
-- Dumping data for table `faq_categories`
--

LOCK TABLES `faq_categories` WRITE;
/*!40000 ALTER TABLE `faq_categories` DISABLE KEYS */;
INSERT INTO `faq_categories` VALUES (1,'planning','Planning Your Safari','compass','Choosing the right safari, season, and itinerary',1,'2026-04-03 19:51:46','2026-04-03 19:51:46'),(2,'booking','Booking & Payments','calendar','Deposits, payment, cancellations, and confirmation',2,'2026-04-03 19:51:46','2026-04-03 19:51:46'),(3,'health','Health & Safety','shield','Vaccinations, malaria, safety, and medical considerations',3,'2026-04-03 19:51:46','2026-04-03 19:51:46'),(4,'on-safari','What to Expect on Safari','binoculars','Daily life, wildlife, comfort, and what surprises people',4,'2026-04-03 19:51:46','2026-04-03 19:51:46'),(5,'kilimanjaro','Kilimanjaro Questions','mountain','Routes, altitude sickness, fitness requirements, and summit success',5,'2026-04-03 19:51:46','2026-04-03 19:51:46'),(6,'zanzibar','Zanzibar Questions','dhow','Beaches, culture, activities, and getting there',6,'2026-04-03 19:51:46','2026-04-03 19:51:46'),(7,'responsible','Responsible Travel','leaf','Conservation, community impact, and ethical choices',7,'2026-04-03 19:51:46','2026-04-03 19:51:46'),(8,'ronjoo','Working With Ronjoo','handshake','Our team, our approach, and what sets us apart',8,'2026-04-03 19:51:46','2026-04-03 19:51:46');
/*!40000 ALTER TABLE `faq_categories` ENABLE KEYS */;
UNLOCK TABLES;

--
-- Table structure for table `faqs`
--

DROP TABLE IF EXISTS `faqs`;
/*!40101 SET @saved_cs_client     = @@character_set_client */;
/*!50503 SET character_set_client = utf8mb4 */;
CREATE TABLE `faqs` (
  `id` bigint unsigned NOT NULL AUTO_INCREMENT,
  `faq_category_id` bigint unsigned NOT NULL,
  `question` text COLLATE utf8mb4_unicode_ci NOT NULL,
  `answer` text COLLATE utf8mb4_unicode_ci NOT NULL,
  `tags` json DEFAULT NULL,
  `status` varchar(255) COLLATE utf8mb4_unicode_ci NOT NULL DEFAULT 'published',
  `related_guide` json DEFAULT NULL,
  `related_safari` json DEFAULT NULL,
  `sort_order` int NOT NULL DEFAULT '0',
  `created_at` timestamp NULL DEFAULT NULL,
  `updated_at` timestamp NULL DEFAULT NULL,
  PRIMARY KEY (`id`),
  KEY `faqs_faq_category_id_foreign` (`faq_category_id`),
  CONSTRAINT `faqs_faq_category_id_foreign` FOREIGN KEY (`faq_category_id`) REFERENCES `faq_categories` (`id`) ON DELETE CASCADE
) ENGINE=InnoDB AUTO_INCREMENT=23 DEFAULT CHARSET=utf8mb4 COLLATE=utf8mb4_unicode_ci;
/*!40101 SET character_set_client = @saved_cs_client */;

--
-- Dumping data for table `faqs`
--

LOCK TABLES `faqs` WRITE;
/*!40000 ALTER TABLE `faqs` DISABLE KEYS */;
INSERT INTO `faqs` VALUES (1,1,'When is the best time to visit Tanzania?','Tanzania is a year-round destination, but different seasons offer radically different experiences. **June–October** is the dry season, peak wildlife visibility, the Mara River crossings of the Great Migration, and clear golden-hour skies. **January–February** delivers the calving season in Ndutu. **March–May** is the long rains, lowest prices, lush landscapes. **November–December** is the short rains, excellent birding, baby animals, beautiful green scenery.','[\"seasons\", \"planning\"]','published','{\"href\": \"/travel-resources/best-time-to-visit\", \"label\": \"Best Time to Visit Tanzania\"}',NULL,1,'2026-04-03 19:51:46','2026-04-03 19:51:46'),(2,1,'How far in advance should I book?','For peak season travel (July–October and January–February), we recommend booking **6–12 months in advance**. The best lodges and camps sell their peak dates first. For shoulder and low season, 3–6 months is typically sufficient.','[\"booking\", \"planning\"]','published',NULL,NULL,2,'2026-04-03 19:51:46','2026-04-03 19:51:46'),(3,1,'How long should my safari be?','The minimum meaningful safari is 4 nights. However, we recommend a **minimum of 6 nights** for first-time visitors to Tanzania. This allows for three parks, genuine wildlife encounters, and time to settle into the rhythm of the bush.','[\"duration\", \"planning\"]','published',NULL,NULL,3,'2026-04-03 19:51:46','2026-04-03 19:51:46'),(4,1,'What is the difference between a private safari and a group departure?','A **private safari** means the vehicle, guide, and itinerary are exclusively yours. A **group departure** means you book remaining seats on a pre-scheduled safari with other independent travelers, maximum 8 guests per vehicle. Both options use the same private Ronjoo guides and partner accommodations.','[\"private\", \"group\"]','published',NULL,NULL,4,'2026-04-03 19:51:46','2026-04-03 19:51:46'),(5,1,'Which parks should I include in my first safari?','For a first Tanzania safari: **Tarangire** (elephants, baobabs), **Ngorongoro Crater** (Big Five density, black rhino), and the **Serengeti** (open plains, big cats, migration). These three parks form the classic Tanzania safari.','[\"parks\", \"first-timer\"]','published',NULL,'{\"href\": \"/safaris/northern-circuit-classic\", \"label\": \"Northern Circuit Classic\"}',5,'2026-04-03 19:51:46','2026-04-03 19:51:46'),(6,2,'How do I book a safari with Ronjoo?','Submit an enquiry through the booking form on any safari page or via WhatsApp. A safari specialist will respond within 4 hours. Your booking is confirmed on receipt of the 30% deposit. We do not charge booking fees.','[\"booking\"]','published',NULL,NULL,1,'2026-04-03 19:51:46','2026-04-03 19:51:46'),(7,2,'How much deposit is required?','A **30% deposit** of the total safari cost is required to confirm your booking. Full payment is due 60 days before your departure date. For bookings made within 60 days, full payment is required at booking.','[\"deposit\", \"payment\"]','published',NULL,NULL,2,'2026-04-03 19:51:46','2026-04-03 19:51:46'),(8,2,'What payment methods do you accept?','We accept Visa, Mastercard, and American Express via Stripe. We also accept PayPal and international bank transfer (SWIFT). All prices are in USD. Card payments incur no additional surcharge.','[\"payment\"]','published',NULL,NULL,3,'2026-04-03 19:51:46','2026-04-03 19:51:46'),(9,2,'What is your cancellation policy?','**90+ days**: Full deposit refunded minus $150 processing fee. **60–89 days**: 50% deposit refunded. **30–59 days**: Deposit non-refundable. **Under 30 days**: 75% of total non-refundable. **Under 14 days**: 100% non-refundable. We strongly recommend comprehensive travel insurance.','[\"cancellation\"]','published',NULL,NULL,4,'2026-04-03 19:51:46','2026-04-03 19:51:46'),(10,3,'Do I need malaria tablets for Tanzania?','Yes. Tanzania is a malaria-endemic country and antimalarial prophylaxis is strongly recommended. The most commonly prescribed options are Atovaquone-Proguanil (Malarone), Doxycycline, and Mefloquine. Consult your doctor at least 6 weeks before departure.','[\"health\", \"malaria\"]','published','{\"href\": \"/travel-resources/health-vaccinations\", \"label\": \"Health & Vaccinations Tanzania\"}',NULL,1,'2026-04-03 19:51:46','2026-04-03 19:51:46'),(11,3,'What vaccinations do I need?','Recommended: **Hepatitis A and B**, **Typhoid**, updated **Tetanus-Diphtheria**. **Yellow Fever** vaccination is required if arriving from a yellow-fever endemic country. Consult a travel health specialist 6–8 weeks before departure.','[\"health\", \"vaccinations\"]','published',NULL,NULL,2,'2026-04-03 19:51:46','2026-04-03 19:51:46'),(12,3,'Is Tanzania safe for travelers?','Tanzania has one of the most stable political environments in East Africa and is consistently considered safe for tourists. Safari areas are managed and secure. You are accompanied by a Ronjoo guide during all safari activities.','[\"safety\"]','published',NULL,NULL,3,'2026-04-03 19:51:46','2026-04-03 19:51:46'),(13,4,'What does a typical safari day look like?','**5:30–6:00am**: Wake-up call. **6:00–6:30am**: Morning game drive. **10:00–11:00am**: Hot breakfast. **11:00am–3:00pm**: Rest at camp. **3:30–4:00pm**: Afternoon game drive. **6:30–7:00pm**: Sundowner drinks and dinner.','[\"daily-life\"]','published',NULL,NULL,1,'2026-04-03 19:51:46','2026-04-03 19:51:46'),(14,4,'How close will we get to the animals?','Closer than you expect. In Tanzania\'s national parks, wildlife has become habituated to safari vehicles over decades. Lions will sleep within 3 meters. Elephants will walk past your open door.','[\"wildlife\"]','published',NULL,NULL,2,'2026-04-03 19:51:46','2026-04-03 19:51:46'),(15,4,'What are the lodges and camps like?','Our partner lodges range from classic tented camps (permanent canvas structures with en-suite bathrooms) to luxury lodges with private plunge pools. Luxury tented camps in Africa are not camping, they are among the finest accommodation experiences in the world.','[\"accommodation\"]','published',NULL,NULL,3,'2026-04-03 19:51:46','2026-04-03 19:51:46'),(16,5,'Which Kilimanjaro route is best?','The **Lemosho Route** is our top recommendation, highest summit success rates (85–90%), most varied scenery, and gradual acclimatization. The Machame Route is excellent for experienced trekkers. The Marangu Route has the lowest success rate.','[\"routes\"]','published',NULL,'{\"href\": \"/safaris/kilimanjaro-lemosho\", \"label\": \"Kilimanjaro Lemosho Route\"}',1,'2026-04-03 19:51:46','2026-04-03 19:51:46'),(17,5,'What is the summit success rate?','On our 9-day Lemosho Route, Ronjoo\'s summit success rate is **87%**. The single most significant factor in summit success is route length, longer routes allow better acclimatization.','[\"summit\"]','published',NULL,NULL,2,'2026-04-03 19:51:46','2026-04-03 19:51:46'),(18,6,'Is Zanzibar worth including in a Tanzania safari?','Unequivocally yes. Tanzania is one of the only destinations on Earth where you can combine world-class wildlife safari and Indian Ocean beaches within a 25-minute flight. We recommend minimum 3 beach nights.','[\"zanzibar\"]','published',NULL,NULL,1,'2026-04-03 19:51:46','2026-04-03 19:51:46'),(19,6,'What is the best beach area in Zanzibar?','**Nungwi and Kendwa** (north): Best all-round beach. **Paje and Matemwe** (east): Excellent for kitesurfing. **Michamvi and Bwejuu** (southeast): Quieter, ideal for couples.','[\"beaches\"]','published',NULL,NULL,2,'2026-04-03 19:51:46','2026-04-03 19:51:46'),(20,7,'How does safari tourism help conservation?','Well-managed wildlife tourism is the most powerful economic argument for protecting wild land. Tanzania\'s national park system is funded substantially by tourism revenues.','[\"conservation\"]','published',NULL,NULL,1,'2026-04-03 19:51:46','2026-04-03 19:51:46'),(21,8,'How long has Ronjoo Safaris been operating?','Ronjoo Safaris has been operating from Arusha, Tanzania since 2010, over **18 years** of specialist Tanzania safari experience. Over 4,200 guests from 60+ countries, 4.9-star rating.','[\"about\"]','published',NULL,NULL,1,'2026-04-03 19:51:46','2026-04-03 19:51:46'),(22,8,'Are your guides licensed?','All Ronjoo guides hold current Tanzania Wildlife Authority Professional Guiding Licences (Class A), the highest category. All complete Ronjoo\'s internal training program. Many have 15+ years of experience.','[\"guides\"]','published',NULL,NULL,2,'2026-04-03 19:51:46','2026-04-03 19:51:46');
/*!40000 ALTER TABLE `faqs` ENABLE KEYS */;
UNLOCK TABLES;

--
-- Table structure for table `gallery_images`
--

DROP TABLE IF EXISTS `gallery_images`;
/*!40101 SET @saved_cs_client     = @@character_set_client */;
/*!50503 SET character_set_client = utf8mb4 */;
CREATE TABLE `gallery_images` (
  `id` bigint unsigned NOT NULL AUTO_INCREMENT,
  `src` varchar(255) COLLATE utf8mb4_unicode_ci NOT NULL,
  `alt` varchar(255) COLLATE utf8mb4_unicode_ci DEFAULT NULL,
  `caption` text COLLATE utf8mb4_unicode_ci,
  `tags` json DEFAULT NULL,
  `category` varchar(255) COLLATE utf8mb4_unicode_ci DEFAULT NULL,
  `destination` varchar(255) COLLATE utf8mb4_unicode_ci DEFAULT NULL,
  `safari` varchar(255) COLLATE utf8mb4_unicode_ci DEFAULT NULL,
  `created_at` timestamp NULL DEFAULT NULL,
  `updated_at` timestamp NULL DEFAULT NULL,
  PRIMARY KEY (`id`)
) ENGINE=InnoDB AUTO_INCREMENT=7 DEFAULT CHARSET=utf8mb4 COLLATE=utf8mb4_unicode_ci;
/*!40101 SET character_set_client = @saved_cs_client */;

--
-- Dumping data for table `gallery_images`
--

LOCK TABLES `gallery_images` WRITE;
/*!40000 ALTER TABLE `gallery_images` DISABLE KEYS */;
INSERT INTO `gallery_images` VALUES (1,'http://localhost:8000/storage/gallery/U2dGPoGecn8LKyVU17yP4JXvJv4ywvQrPT5Quh13.jpg',NULL,NULL,'[]','All',NULL,NULL,'2026-04-04 05:42:55','2026-04-04 05:42:55'),(2,'http://localhost:8000/storage/gallery/jdcxl0vptTzw5XwE3qPyTKhKpsp9lzR5lEEXvY6N.jpg',NULL,NULL,'[]','All',NULL,NULL,'2026-04-04 05:42:55','2026-04-04 05:42:55'),(3,'http://localhost:8000/storage/gallery/uZGc0jPK5z2mXqlaq61jZ866Ti8B0e5OphzI8cnO.jpg',NULL,NULL,'[]','All',NULL,NULL,'2026-04-04 05:42:55','2026-04-04 05:42:55'),(4,'http://localhost:8000/storage/gallery/Zg8HodntBCjOM35zRwkiD21e8ztFf0p41aObu7cG.jpg',NULL,NULL,'[]','All',NULL,NULL,'2026-04-07 11:43:42','2026-04-07 11:43:42'),(5,'http://localhost:8000/storage/gallery/WPJeGV4go41hQDVg0nGkWs3vDtKK1qfZWvRU6rEV.jpg',NULL,NULL,'[]','All',NULL,NULL,'2026-04-07 11:44:29','2026-04-07 11:44:29'),(6,'http://localhost:8000/storage/gallery/zUvsDO6FXSnheGZHcIoANKIDsaHxY1Fgvv23LqDH.jpg',NULL,NULL,'[]','All',NULL,NULL,'2026-04-07 11:44:29','2026-04-07 11:44:29');
/*!40000 ALTER TABLE `gallery_images` ENABLE KEYS */;
UNLOCK TABLES;

--
-- Table structure for table `itinerary_days`
--

DROP TABLE IF EXISTS `itinerary_days`;
/*!40101 SET @saved_cs_client     = @@character_set_client */;
/*!50503 SET character_set_client = utf8mb4 */;
CREATE TABLE `itinerary_days` (
  `id` bigint unsigned NOT NULL AUTO_INCREMENT,
  `safari_id` bigint unsigned NOT NULL,
  `day` int NOT NULL,
  `title` varchar(255) COLLATE utf8mb4_unicode_ci NOT NULL,
  `location` varchar(255) COLLATE utf8mb4_unicode_ci DEFAULT NULL,
  `description` text COLLATE utf8mb4_unicode_ci,
  `activities` json DEFAULT NULL,
  `meals` varchar(255) COLLATE utf8mb4_unicode_ci DEFAULT NULL,
  `meals_json` json DEFAULT NULL,
  `accommodation` varchar(255) COLLATE utf8mb4_unicode_ci DEFAULT NULL,
  `drive_time` varchar(255) COLLATE utf8mb4_unicode_ci DEFAULT NULL,
  `accommodation_tier` varchar(255) COLLATE utf8mb4_unicode_ci DEFAULT NULL,
  `activity_tags` json DEFAULT NULL,
  `notes` text COLLATE utf8mb4_unicode_ci,
  `created_at` timestamp NULL DEFAULT NULL,
  `updated_at` timestamp NULL DEFAULT NULL,
  PRIMARY KEY (`id`),
  KEY `itinerary_days_safari_id_foreign` (`safari_id`),
  CONSTRAINT `itinerary_days_safari_id_foreign` FOREIGN KEY (`safari_id`) REFERENCES `safaris` (`id`) ON DELETE CASCADE
) ENGINE=InnoDB AUTO_INCREMENT=454 DEFAULT CHARSET=utf8mb4 COLLATE=utf8mb4_unicode_ci;
/*!40101 SET character_set_client = @saved_cs_client */;

--
-- Dumping data for table `itinerary_days`
--

LOCK TABLES `itinerary_days` WRITE;
/*!40000 ALTER TABLE `itinerary_days` DISABLE KEYS */;
INSERT INTO `itinerary_days` VALUES (402,70,1,'Arrival into Mwanza Airport','North Serengeti','Arrive at Mwanza Airport. Drive to Northern Serengeti. Check into your luxury camp. Afternoon relaxation and short game walk.','[\"Transfer\"]','D',NULL,'One Nature Camp',NULL,NULL,NULL,'FB basis, 3 nights','2026-04-07 11:00:07','2026-04-07 11:00:07'),(403,70,2,'North Serengeti Game Drive','North Serengeti','Full day exploring Northern Serengeti. Search for predators along the Grumeti River. Visit the Mara River area.','[\"Game Drive\"]','B/L/D',NULL,'One Nature Camp',NULL,NULL,NULL,'Second night','2026-04-07 11:00:07','2026-04-07 11:00:07'),(404,70,3,'North Serengeti Exploration','North Serengeti','Another full day in Northern Serengeti. Focus on the Mara River ecosystem and its resident wildlife.','[\"Game Drive\"]','B/L/D',NULL,'One Nature Camp',NULL,NULL,NULL,'Third night','2026-04-07 11:00:07','2026-04-07 11:00:07'),(405,70,4,'Drive to Central Serengeti','Central Serengeti','Morning game drive enroute to Central Serengeti. Arrive at your new camp in the Seronera area.','[\"Game Drive\", \"Transfer\"]','B/L/D',NULL,'Warangi Ridge',NULL,NULL,NULL,'FB basis, 2 nights','2026-04-07 11:00:07','2026-04-07 11:00:07'),(406,70,5,'Central Serengeti Game Drive','Central Serengeti','Full day exploring Central Serengeti. This area is famous for its year-round wildlife.','[\"Game Drive\"]','B/L/D',NULL,'Warangi Ridge',NULL,NULL,NULL,'Second night in Central','2026-04-07 11:00:07','2026-04-07 11:00:07'),(407,70,6,'Ngorongoro Crater','Ngorongoro Conservation Area','Drive to Ngorongoro. Afternoon crater game drive.','[\"Game Drive\"]','B/L/D',NULL,'Craters Edge',NULL,NULL,NULL,'HB basis','2026-04-07 11:00:07','2026-04-07 11:00:07'),(408,70,7,'Departure to Kilimanjaro/Arusha','Arusha','Morning transfer to Kilimanjaro/Arusha Airport.','[\"Transfer\"]','B',NULL,NULL,NULL,NULL,NULL,'Safari ends','2026-04-07 11:00:07','2026-04-07 11:00:07'),(409,72,1,'Arrival into Kilimanjaro/Arusha','Arusha','Arrive at Kilimanjaro International Airport. Transfer to your Arusha lodge.','[\"Transfer\"]','B',NULL,'Coffee Lodge Arusha',NULL,NULL,NULL,'HB basis, 2 nights','2026-04-07 11:01:51','2026-04-07 11:01:51'),(410,72,2,'Kilimanjaro West Day Trip','Kilimanjaro West','Full day trip to Kilimanjaro West region. Scenic views and cultural experiences.','[\"Cultural\"]','B/L/D',NULL,'Coffee Lodge Arusha',NULL,NULL,NULL,'Second night in Arusha','2026-04-07 11:01:51','2026-04-07 11:01:51'),(411,72,3,'Tarangire Game Drive','Tarangire National Park','Drive to Tarangire for full day game drive.','[\"Game Drive\"]','B/L/D',NULL,'Neptune Lodge Karatu',NULL,NULL,NULL,'FB basis','2026-04-07 11:01:51','2026-04-07 11:01:51'),(412,72,4,'Enroute to Serengeti','Serengeti National Park','Drive to Serengeti with enroute game drives.','[\"Game Drive\", \"Transfer\"]','B/L/D',NULL,'Neptune Camps Central Serengeti',NULL,NULL,NULL,'FB basis, 2 nights','2026-04-07 11:01:51','2026-04-07 11:01:51'),(413,72,5,'Full Day Serengeti','Serengeti National Park','Full day game drive in Serengeti.','[\"Game Drive\"]','B/L/D',NULL,'Neptune Camps Central Serengeti',NULL,NULL,NULL,'Second night','2026-04-07 11:01:51','2026-04-07 11:01:51'),(414,72,6,'Serengeti to Ngorongoro','Ngorongoro Conservation Area','Enroute game drive to Ngorongoro area.','[\"Game Drive\", \"Transfer\"]','B/L/D',NULL,'Neptune Lodge Karatu',NULL,NULL,NULL,'FB basis, 2 nights','2026-04-07 11:01:51','2026-04-07 11:01:51'),(415,72,7,'Ngorongoro Crater','Ngorongoro Conservation Area','Full crater game drive.','[\"Game Drive\"]','B/L/D',NULL,'Neptune Lodge Karatu',NULL,NULL,NULL,'Second night at Karatu','2026-04-07 11:01:51','2026-04-07 11:01:51'),(416,72,8,'Fly to Zanzibar','Zanzibar','Transfer to Arusha Airport for flight to Zanzibar. Meet and transfer to your beach resort.','[\"Fly\", \"Transfer\"]','B',NULL,'Neptune Resort Pwani',NULL,NULL,NULL,'AI basis, 7 nights in Zanzibar','2026-04-07 11:01:51','2026-04-07 11:01:51'),(417,72,9,'Zanzibar Beach Relaxation','Zanzibar','Full day at leisure on Zanzibar beaches. Optional snorkeling, diving, or Stone Town tour.','[\"Beach\"]','B/L/D',NULL,'Neptune Resort Pwani',NULL,NULL,NULL,'All Inclusive','2026-04-07 11:01:51','2026-04-07 11:01:51'),(418,72,10,'Zanzibar Free Day','Zanzibar','Day at leisure. Enjoy the resort facilities or explore Zanzibar.','[\"Beach\"]','B/L/D',NULL,'Neptune Resort Pwani',NULL,NULL,NULL,'All Inclusive','2026-04-07 11:01:51','2026-04-07 11:01:51'),(419,72,11,'Zanzibar Free Day','Zanzibar','Day at leisure.','[\"Beach\"]','B/L/D',NULL,'Neptune Resort Pwani',NULL,NULL,NULL,'All Inclusive','2026-04-07 11:01:51','2026-04-07 11:01:51'),(420,72,12,'Zanzibar Free Day','Zanzibar','Day at leisure.','[\"Beach\"]','B/L/D',NULL,'Neptune Resort Pwani',NULL,NULL,NULL,'All Inclusive','2026-04-07 11:01:51','2026-04-07 11:01:51'),(421,72,13,'Zanzibar Free Day','Zanzibar','Final full day in Zanzibar. Sunset dhow cruise optional.','[\"Beach\"]','B/L/D',NULL,'Neptune Resort Pwani',NULL,NULL,NULL,'All Inclusive','2026-04-07 11:01:51','2026-04-07 11:01:51'),(422,72,14,'Departure from Zanzibar','Zanzibar','Transfer to Zanzibar Airport for your onward journey.','[\"Transfer\"]','B',NULL,NULL,NULL,NULL,NULL,'Holiday ends','2026-04-07 11:01:51','2026-04-07 11:01:51'),(423,71,1,'Fly into Seronera Airstrip','Central Serengeti','Fly from Arusha to Seronera Airstrip in Central Serengeti. Meet your guide and transfer to camp. Afternoon game drive.','[\"Fly\", \"Game Drive\"]','L/D',NULL,'Envi Sisini Camp',NULL,NULL,NULL,'FB basis, 3 nights','2026-04-07 11:04:00','2026-04-07 11:04:00'),(424,71,2,'Full Day Serengeti Game Drive','Central Serengeti','Full day exploring Central Serengeti. Search for the Big Five and witness predator-prey dynamics.','[\"Game Drive\"]','B/L/D',NULL,'Envi Sisini Camp',NULL,NULL,NULL,'Second night','2026-04-07 11:04:00','2026-04-07 11:04:00'),(425,71,3,'Serengeti Exploration','Central Serengeti','Another full day in Serengeti. Visit kopjes, river crossings, and open plains.','[\"Game Drive\"]','B/L/D',NULL,'Envi Sisini Camp',NULL,NULL,NULL,'Third night','2026-04-07 11:04:00','2026-04-07 11:04:00'),(426,71,4,'Fly from Seronera Airstrip','Central Serengeti','Morning game drive enroute to airstrip. Fly back to Arusha.','[\"Game Drive\", \"Fly\"]','B',NULL,NULL,NULL,NULL,NULL,'Safari ends','2026-04-07 11:04:00','2026-04-07 11:04:00'),(427,75,1,'Dar es Salaam to Mikumi via SGR','Mikumi National Park','Early arrival at SGR station in Dar es Salaam. Comfortable train ride to Morogoro. Meet your guide and transfer to Mikumi (1.5 hours). Half-day game drive in Mikumi. Look for elephants, zebras, giraffes, lions, and buffaloes. Picnic lunch at waterhole. Evening transfer to lodge.','[\"Transfer\", \"Game Drive\"]','L/D',NULL,'Vuma Hills Mikumi',NULL,NULL,NULL,'Full Board, 2 nights','2026-04-07 11:06:22','2026-04-07 11:06:22'),(428,75,2,'Full Day Mikumi Game Drive','Mikumi National Park','Full day exploring Mikumi\'s diverse habitats. Visit Mkata Floodplain for large herbivore herds. Picnic lunch in the park. Afternoon visit to Hippo Pool.','[\"Game Drive\"]','B/L/D',NULL,'Vuma Hills Mikumi',NULL,NULL,NULL,'Second night','2026-04-07 11:06:22','2026-04-07 11:06:22'),(429,75,3,'Mikumi to Dar es Salaam via SGR','Mikumi National Park','Optional morning game drive or nature walk. Check out and transfer to Morogoro train station. Return SGR train to Dar es Salaam.','[\"Game Drive\", \"Transfer\"]','B',NULL,NULL,NULL,NULL,NULL,'Safari ends','2026-04-07 11:06:22','2026-04-07 11:06:22'),(430,74,1,'Arrival at Ruaha National Park','Ruaha National Park','A Rickshaw Travel representative will pick you up from Msembe Airstrip and drive to Ruaha River Lodge for check in and relaxation at the camp.','[\"Fly\", \"Transfer\"]','B/L/D',NULL,'Ruaha River Lodge',NULL,NULL,NULL,'Full Board basis, 3 nights','2026-04-07 11:08:13','2026-04-07 11:08:13'),(431,74,2,'Full Day Game Drive','Ruaha National Park','Easy day after breakfast, enjoy a full day game drive with picnic lunch. Dinner and overnight at Ruaha River Lodge.','[\"Game Drive\"]','B/L/D',NULL,'Ruaha River Lodge',NULL,NULL,NULL,'Second night','2026-04-07 11:08:13','2026-04-07 11:08:13'),(432,74,3,'Game Drive & Balloon Safari Option','Ruaha National Park','After breakfast, enjoy a full day game drive with picnic lunch. Optional hot air balloon safari at dawn (July-October only).','[\"Game Drive\"]','B/L/D',NULL,'Ruaha River Lodge',NULL,NULL,NULL,'Third night','2026-04-07 11:08:13','2026-04-07 11:08:13'),(433,74,4,'Departure','Ruaha National Park','After breakfast, a Rickshaw Representative will drive you to the airstrip for your flight back to Dar es salaam.','[\"Fly\", \"Transfer\"]','B',NULL,NULL,NULL,NULL,NULL,'Safari ends','2026-04-07 11:08:13','2026-04-07 11:08:13'),(434,73,1,'Dar es Salaam to Selous (Nyerere)','Selous Game Reserve','Depart from Dar es Salaam airport to Mtemere Airstrip. Transfer to Serena Mivumo River Camp. Depart for a full-day safari with packed lunch. Explore Selous Game Reserve, known for African wild dogs. Bush lunch with a view of wildlife. Return to camp for dinner.','[\"Fly\", \"Game Drive\", \"Transfer\"]','B/L/D',NULL,'Serena Mivumo River Camp',NULL,NULL,NULL,'Full Board basis, 3 nights','2026-04-07 11:10:12','2026-04-07 11:10:12'),(435,73,2,'Bush Walk - Selous','Selous Game Reserve','Breakfast at Serena Mivumo River Camp. Morning safari activity with an experienced guide: bush walk through the reserve. Lunch with stunning lake views. Leisure on your own in the afternoon. Return to camp for dinner.','[\"Walking\", \"Game Drive\"]','B/L/D',NULL,'Serena Mivumo River Camp',NULL,NULL,NULL,'Second night','2026-04-07 11:10:12','2026-04-07 11:10:12'),(436,73,3,'Excursions - Game Drive or Boat','Selous Game Reserve','Breakfast at camp, followed by guided walk. Choose between game drive or boat excursion on the Rufiji River system.','[\"Walking\", \"Game Drive\", \"Boat\"]','B/L/D',NULL,'Serena Mivumo River Camp',NULL,NULL,NULL,'Third night','2026-04-07 11:10:12','2026-04-07 11:10:12'),(437,73,4,'Departure to Dar es Salaam','Selous Game Reserve','Check-out and transfer to Mtemere Airstrip. Depart on a scheduled return flight to Dar es Salaam.','[\"Fly\", \"Transfer\"]','B',NULL,NULL,NULL,NULL,NULL,'Safari ends','2026-04-07 11:10:12','2026-04-07 11:10:12'),(438,67,1,'Arrival into Kilimanjaro/Arusha','Arusha','Arrive at Kilimanjaro International Airport. Meet your guide and transfer to your Arusha hotel. Overnight stay and preparation for safari.','[\"Transfer\"]','B',NULL,'Legendary Lodge Arusha',NULL,NULL,NULL,'BB basis','2026-04-07 11:11:52','2026-04-07 11:11:52'),(439,67,2,'Enroute Game Drive to Serengeti','Serengeti National Park','Drive to Serengeti via Ngorongoro Conservation Area. Enroute game drives and scenic views. Arrive at Central Serengeti lodge for 2 nights.','[\"Game Drive\", \"Transfer\"]','B/L/D',NULL,'Serengeti Explorer',NULL,NULL,NULL,'FB basis, 2 nights','2026-04-07 11:11:52','2026-04-07 11:11:52'),(440,67,3,'Full Day Serengeti Game Drive','Serengeti National Park','Full day exploring Serengeti\'s diverse ecosystems. Search for lions, leopards, cheetahs, elephants, and buffalo. Picnic lunch in the bush.','[\"Game Drive\"]','B/L/D',NULL,'Serengeti Explorer',NULL,NULL,NULL,'Second night in Serengeti','2026-04-07 11:11:52','2026-04-07 11:11:52'),(441,67,4,'Ngorongoro Crater Game Drive','Ngorongoro Conservation Area','Morning drive to Ngorongoro Crater. Descend 600m to the crater floor for exceptional game viewing. Visit a Maasai boma in the afternoon.','[\"Game Drive\", \"Cultural\"]','B/L/D',NULL,'The Manor Karatu',NULL,NULL,NULL,'HB basis','2026-04-07 11:11:52','2026-04-07 11:11:52'),(442,67,5,'Departure','Arusha','Morning transfer to Kilimanjaro/Arusha Airport for your onward journey.','[\"Transfer\"]','B',NULL,NULL,NULL,NULL,NULL,'Safari ends','2026-04-07 11:11:52','2026-04-07 11:11:52'),(443,68,1,'Arrival & Arusha National Park','Arusha National Park','Arrive at Kilimanjaro/Arusha Airport. Meet your guide and enjoy a game drive in Arusha National Park. Home to colobus monkeys, giraffes, and stunning views of Mount Meru.','[\"Game Drive\", \"Transfer\"]','B/L/D',NULL,'Coffee Lodge Arusha',NULL,NULL,NULL,'BB basis at lodge','2026-04-07 11:13:11','2026-04-07 11:13:11'),(444,68,2,'Tarangire Game Drive','Tarangire National Park','Morning drive to Tarangire National Park. Full day game drive exploring this elephant paradise. Ancient baobab trees and diverse wildlife. Evening transfer to Karatu.','[\"Game Drive\"]','B/L/D',NULL,'Ngorongoro Oldeani Lodge',NULL,NULL,NULL,'FB basis','2026-04-07 11:13:11','2026-04-07 11:13:11'),(445,68,3,'Ngorongoro Crater & Departure','Ngorongoro Conservation Area','Early morning crater game drive. Explore the Ngorongoro Crater floor with its dense wildlife population. Afternoon transfer to Kilimanjaro/Arusha Airport.','[\"Game Drive\", \"Transfer\"]','B/L',NULL,NULL,NULL,NULL,NULL,'Safari ends','2026-04-07 11:13:11','2026-04-07 11:13:11'),(446,69,1,'Arrival & Tarangire Game Drive','Tarangire National Park','Arrive at Kilimanjaro/Arusha Airport. Drive directly to Tarangire National Park for afternoon game drive. Look for elephants, lions, zebras, and giraffes.','[\"Game Drive\", \"Transfer\"]','L/D',NULL,'Neptune Lodge Karatu',NULL,NULL,NULL,'FB basis','2026-04-07 11:14:55','2026-04-07 11:14:55'),(447,69,2,'Ngorongoro Crater & Departure','Ngorongoro Conservation Area','Early morning drive to Ngorongoro Crater. Full crater game drive. Afternoon transfer to airport.','[\"Game Drive\", \"Transfer\"]','B/L',NULL,NULL,NULL,NULL,NULL,'Safari ends','2026-04-07 11:14:55','2026-04-07 11:14:55'),(448,66,1,'Arrival into Kilimanjaro/Arusha','Arusha','Arrive at Kilimanjaro International Airport or Arusha Airport. Meet and greet by your safari guide. Transfer to your hotel in Arusha for overnight stay. Rest and prepare for your safari adventure.','[\"Transfer\"]','D',NULL,'Gran Melia Arusha',NULL,NULL,NULL,'BB basis at Gran Melia','2026-04-07 11:17:50','2026-04-07 11:17:50'),(449,66,2,'Game Drive in Tarangire National Park','Tarangire National Park','Morning drive to Tarangire National Park (approx. 2 hours). Enjoy a full-day game drive in this elephant paradise. Look out for massive herds of elephants, giraffes, zebras, and predators. Ancient baobab trees dot the landscape. Evening transfer to Lake Manyara/Karatu area.','[\"Game Drive\"]','B/L/D',NULL,'Kilimamoja Lodge',NULL,NULL,NULL,'FB basis at Kilimamoja Lodge','2026-04-07 11:17:50','2026-04-07 11:17:50'),(450,66,3,'Enroute Game Drive to Serengeti','Serengeti National Park','Early morning drive to Serengeti National Park via Ngorongoro Conservation Area. Enjoy enroute game drives through the park. Check into your lodge in Central Serengeti. Afternoon game drive in search of the Big Five.','[\"Game Drive\", \"Transfer\"]','B/L/D',NULL,'Lake Magadi Lodge',NULL,NULL,NULL,'FB basis, 2 nights at Lake Magadi','2026-04-07 11:17:50','2026-04-07 11:17:50'),(451,66,4,'Full Day Game Drive in Serengeti','Serengeti National Park','Full day game drive in Serengeti National Park. Explore different regions of the park in search of the Great Migration. Picnic lunch in the bush. Evening return to lodge. The Serengeti offers unparalleled wildlife viewing year-round.','[\"Game Drive\"]','B/L/D',NULL,'Lake Magadi Lodge',NULL,NULL,NULL,'Second night in Central Serengeti','2026-04-07 11:17:50','2026-04-07 11:17:50'),(452,66,5,'Ngorongoro Crater & Maasai Boma Visit','Ngorongoro Conservation Area','Morning descent into Ngorongoro Crater for a spectacular game drive. The crater floor is home to over 25,000 large animals including the Big Five. Afternoon visit to a traditional Maasai boma for a cultural experience. Transfer to Ngorongoro/Karatu for overnight.','[\"Game Drive\", \"Cultural\"]','B/L/D',NULL,'Melia Lodge Ngorongoro',NULL,NULL,NULL,'HB basis at Melia Lodge','2026-04-07 11:17:50','2026-04-07 11:17:50'),(453,66,6,'Departure to Kilimanjaro/Arusha Airport','Arusha','Morning at leisure. After breakfast, depart for Kilimanjaro International Airport or Arusha for your onward journey. Safari ends with unforgettable memories.','[\"Transfer\"]','B',NULL,NULL,NULL,NULL,NULL,'Safari ends','2026-04-07 11:17:50','2026-04-07 11:17:50');
/*!40000 ALTER TABLE `itinerary_days` ENABLE KEYS */;
UNLOCK TABLES;

--
-- Table structure for table `migrations`
--

DROP TABLE IF EXISTS `migrations`;
/*!40101 SET @saved_cs_client     = @@character_set_client */;
/*!50503 SET character_set_client = utf8mb4 */;
CREATE TABLE `migrations` (
  `id` int unsigned NOT NULL AUTO_INCREMENT,
  `migration` varchar(255) COLLATE utf8mb4_unicode_ci NOT NULL,
  `batch` int NOT NULL,
  PRIMARY KEY (`id`)
) ENGINE=InnoDB AUTO_INCREMENT=28 DEFAULT CHARSET=utf8mb4 COLLATE=utf8mb4_unicode_ci;
/*!40101 SET character_set_client = @saved_cs_client */;

--
-- Dumping data for table `migrations`
--

LOCK TABLES `migrations` WRITE;
/*!40000 ALTER TABLE `migrations` DISABLE KEYS */;
INSERT INTO `migrations` VALUES (1,'0001_01_01_000000_create_users_table',1),(2,'0001_01_01_000001_create_safaris_table',1),(3,'0001_01_01_000002_create_itinerary_days_table',1),(4,'0001_01_01_000003_create_destinations_table',1),(5,'0001_01_01_000004_create_bookings_table',1),(6,'0001_01_01_000005_create_departures_table',1),(7,'0001_01_01_000006_create_enquiries_table',1),(8,'0001_01_01_000007_create_reviews_table',1),(9,'0001_01_01_000008_create_blog_posts_table',1),(10,'0001_01_01_000009_create_faqs_table',1),(11,'0001_01_01_000010_create_travel_guides_table',1),(12,'0001_01_01_000011_create_team_members_table',1),(13,'0001_01_01_000012_create_add_ons_table',1),(14,'2026_04_01_184109_create_cache_table',1),(15,'2026_04_01_184109_create_sessions_table',1),(16,'2026_04_02_000010_create_gallery_images_table',1),(17,'2026_04_02_041506_create_waitlists_table',1),(18,'2026_04_02_041507_create_promotions_table',1),(19,'2026_04_02_041507_create_seo_metadata_table',1),(20,'2026_04_02_041508_create_email_templates_table',1),(21,'2026_04_02_041508_create_settings_table',1),(22,'2026_04_02_113711_add_tagline_to_safaris_table',1),(23,'2026_04_02_150000_add_stars_and_amenities_to_destination_accommodations_table',1),(24,'2026_04_02_170000_create_admin_notifications_table',1),(25,'2026_04_03_102712_add_website_to_safari_accommodations',1),(26,'2026_04_07_110000_create_wildlife_tables',2),(27,'2026_04_07_120000_create_accommodations_table',3);
/*!40000 ALTER TABLE `migrations` ENABLE KEYS */;
UNLOCK TABLES;

--
-- Table structure for table `password_reset_tokens`
--

DROP TABLE IF EXISTS `password_reset_tokens`;
/*!40101 SET @saved_cs_client     = @@character_set_client */;
/*!50503 SET character_set_client = utf8mb4 */;
CREATE TABLE `password_reset_tokens` (
  `email` varchar(255) COLLATE utf8mb4_unicode_ci NOT NULL,
  `token` varchar(255) COLLATE utf8mb4_unicode_ci NOT NULL,
  `created_at` timestamp NULL DEFAULT NULL,
  PRIMARY KEY (`email`)
) ENGINE=InnoDB DEFAULT CHARSET=utf8mb4 COLLATE=utf8mb4_unicode_ci;
/*!40101 SET character_set_client = @saved_cs_client */;

--
-- Dumping data for table `password_reset_tokens`
--

LOCK TABLES `password_reset_tokens` WRITE;
/*!40000 ALTER TABLE `password_reset_tokens` DISABLE KEYS */;
/*!40000 ALTER TABLE `password_reset_tokens` ENABLE KEYS */;
UNLOCK TABLES;

--
-- Table structure for table `personal_access_tokens`
--

DROP TABLE IF EXISTS `personal_access_tokens`;
/*!40101 SET @saved_cs_client     = @@character_set_client */;
/*!50503 SET character_set_client = utf8mb4 */;
CREATE TABLE `personal_access_tokens` (
  `id` bigint unsigned NOT NULL AUTO_INCREMENT,
  `tokenable_type` varchar(255) COLLATE utf8mb4_unicode_ci NOT NULL,
  `tokenable_id` bigint unsigned NOT NULL,
  `name` varchar(255) COLLATE utf8mb4_unicode_ci NOT NULL,
  `token` varchar(64) COLLATE utf8mb4_unicode_ci NOT NULL,
  `abilities` text COLLATE utf8mb4_unicode_ci,
  `last_used_at` timestamp NULL DEFAULT NULL,
  `expires_at` timestamp NULL DEFAULT NULL,
  `created_at` timestamp NULL DEFAULT NULL,
  `updated_at` timestamp NULL DEFAULT NULL,
  PRIMARY KEY (`id`),
  UNIQUE KEY `personal_access_tokens_token_unique` (`token`),
  KEY `personal_access_tokens_tokenable_type_tokenable_id_index` (`tokenable_type`,`tokenable_id`)
) ENGINE=InnoDB AUTO_INCREMENT=4 DEFAULT CHARSET=utf8mb4 COLLATE=utf8mb4_unicode_ci;
/*!40101 SET character_set_client = @saved_cs_client */;

--
-- Dumping data for table `personal_access_tokens`
--

LOCK TABLES `personal_access_tokens` WRITE;
/*!40000 ALTER TABLE `personal_access_tokens` DISABLE KEYS */;
INSERT INTO `personal_access_tokens` VALUES (3,'App\\Models\\User',1,'kijani-desk-admin','09e1666bb80f44fff247d811c85aa960b1a888469aea6cdc3127ae4503db33e8','[\"*\"]','2026-04-09 03:30:11',NULL,'2026-04-08 06:26:10','2026-04-09 03:30:11');
/*!40000 ALTER TABLE `personal_access_tokens` ENABLE KEYS */;
UNLOCK TABLES;

--
-- Table structure for table `promotions`
--

DROP TABLE IF EXISTS `promotions`;
/*!40101 SET @saved_cs_client     = @@character_set_client */;
/*!50503 SET character_set_client = utf8mb4 */;
CREATE TABLE `promotions` (
  `id` bigint unsigned NOT NULL AUTO_INCREMENT,
  `code` varchar(255) COLLATE utf8mb4_unicode_ci NOT NULL,
  `name` varchar(255) COLLATE utf8mb4_unicode_ci NOT NULL,
  `description` text COLLATE utf8mb4_unicode_ci,
  `discount_type` enum('percentage','fixed') COLLATE utf8mb4_unicode_ci NOT NULL,
  `discount_value` decimal(10,2) NOT NULL,
  `valid_from` date DEFAULT NULL,
  `valid_until` date DEFAULT NULL,
  `usage_limit` int DEFAULT NULL,
  `times_used` int NOT NULL DEFAULT '0',
  `status` varchar(255) COLLATE utf8mb4_unicode_ci NOT NULL DEFAULT 'active',
  `created_at` timestamp NULL DEFAULT NULL,
  `updated_at` timestamp NULL DEFAULT NULL,
  PRIMARY KEY (`id`),
  UNIQUE KEY `promotions_code_unique` (`code`)
) ENGINE=InnoDB DEFAULT CHARSET=utf8mb4 COLLATE=utf8mb4_unicode_ci;
/*!40101 SET character_set_client = @saved_cs_client */;

--
-- Dumping data for table `promotions`
--

LOCK TABLES `promotions` WRITE;
/*!40000 ALTER TABLE `promotions` DISABLE KEYS */;
/*!40000 ALTER TABLE `promotions` ENABLE KEYS */;
UNLOCK TABLES;

--
-- Table structure for table `reviews`
--

DROP TABLE IF EXISTS `reviews`;
/*!40101 SET @saved_cs_client     = @@character_set_client */;
/*!50503 SET character_set_client = utf8mb4 */;
CREATE TABLE `reviews` (
  `id` bigint unsigned NOT NULL AUTO_INCREMENT,
  `guest_name` varchar(255) COLLATE utf8mb4_unicode_ci NOT NULL,
  `country` varchar(255) COLLATE utf8mb4_unicode_ci DEFAULT NULL,
  `country_flag` varchar(255) COLLATE utf8mb4_unicode_ci DEFAULT NULL,
  `rating` int NOT NULL,
  `safari_name` varchar(255) COLLATE utf8mb4_unicode_ci DEFAULT NULL,
  `safari_date` date DEFAULT NULL,
  `submitted_date` date DEFAULT NULL,
  `status` varchar(255) COLLATE utf8mb4_unicode_ci NOT NULL DEFAULT 'pending',
  `excerpt` varchar(500) COLLATE utf8mb4_unicode_ci DEFAULT NULL,
  `full_text` text COLLATE utf8mb4_unicode_ci NOT NULL,
  `owner_response` text COLLATE utf8mb4_unicode_ci,
  `category_ratings` json DEFAULT NULL,
  `created_at` timestamp NULL DEFAULT NULL,
  `updated_at` timestamp NULL DEFAULT NULL,
  PRIMARY KEY (`id`)
) ENGINE=InnoDB AUTO_INCREMENT=8 DEFAULT CHARSET=utf8mb4 COLLATE=utf8mb4_unicode_ci;
/*!40101 SET character_set_client = @saved_cs_client */;

--
-- Dumping data for table `reviews`
--

LOCK TABLES `reviews` WRITE;
/*!40000 ALTER TABLE `reviews` DISABLE KEYS */;
INSERT INTO `reviews` VALUES (1,'Sarah Mitchell','United States','🇺🇸',5,'Great Migration Safari','2025-08-15','2025-08-28','approved','Absolutely life-changing. Joseph was the most knowledgeable guide we have ever had.','Absolutely life-changing. Joseph was the most knowledgeable guide we have ever had. He spotted a leopard in a tree from 200 meters away. The camps were luxurious and the food was incredible. We saw the river crossing on day 3 and I still get chills thinking about it. Ronjoo handled every detail perfectly.',NULL,'{\"guide\": 5, \"value\": 5, \"wildlife\": 5, \"accommodation\": 5}','2026-04-03 19:51:31','2026-04-03 19:51:46'),(2,'Tom & Claire Evans','United Kingdom','🇬🇧',5,'Northern Circuit Classic','2025-10-05','2025-10-18','approved','The Ngorongoro Crater was the highlight of our trip. Seeing a black rhino up close was extraordinary.','The Ngorongoro Crater was the highlight of our trip. Seeing a black rhino up close was extraordinary. Daniel our guide knew every animal by name. The lodges were far better than we expected. Worth every penny.',NULL,'{\"guide\": 5, \"value\": 5, \"wildlife\": 5, \"accommodation\": 4}','2026-04-03 19:51:31','2026-04-03 19:51:46'),(3,'Markus Bauer','Germany','🇩🇪',4,'Kilimanjaro Lemosho Route','2025-09-01','2025-09-15','approved','Made it to the summit! The crew was incredible. Only wish we had one more acclimatization day.','Made it to the summit! The crew was incredible, from the guides to the porters to the cook. Summit night was the hardest thing I have ever done but the sunrise from Uhuru Peak made it all worth it. Only wish we had one more acclimatization day, but 87% success rate speaks for itself.',NULL,'{\"guide\": 5, \"value\": 4, \"wildlife\": 3, \"accommodation\": 3}','2026-04-03 19:51:31','2026-04-03 19:51:46'),(4,'Akiko Watanabe','Japan','🇯🇵',5,'Photography Safari','2025-07-10','2025-07-25','approved','As a photographer, this was the perfect safari. The guide understood lighting and positioning perfectly.','As a photographer, this was the perfect safari. The guide understood lighting and positioning perfectly. We spent 45 minutes with a cheetah family and he knew exactly when to reposition for the best backgrounds. The vehicle setup with beanbag mounts was excellent. I came home with portfolio-worthy images.',NULL,'{\"guide\": 5, \"value\": 5, \"wildlife\": 5, \"accommodation\": 4}','2026-04-03 19:51:31','2026-04-03 19:51:46'),(5,'Carlos & Ana Mendez','Spain','🇪🇸',5,'Serengeti & Zanzibar','2025-12-10','2025-12-28','approved','The perfect combination, wild Serengeti followed by stunning Zanzibar beaches. Our honeymoon was unforgettable.','The perfect combination, wild Serengeti followed by stunning Zanzibar beaches. Our honeymoon was unforgettable. Ronjoo arranged a private dinner under the stars on our anniversary and the Zanzibar hotel had the most beautiful pool overlooking the ocean. The transition from bush to beach was seamless.',NULL,'{\"guide\": 5, \"value\": 5, \"wildlife\": 4, \"accommodation\": 5}','2026-04-03 19:51:31','2026-04-03 19:51:46'),(6,'James Patterson','Australia','🇦🇺',5,'Family Safari Adventure','2025-12-20','2026-01-05','approved','Traveling with three kids aged 6-12. Every lodge had a pool and the guides were brilliant with the children.','Traveling with three kids aged 6-12 and I was nervous about keeping them engaged. Every lodge had a pool, the guide Grace was brilliant with the children, she taught them animal tracking and they loved the junior ranger program. My youngest still talks about the baby elephants at Tarangire every single day. Family safari is the best thing we have ever done.',NULL,'{\"guide\": 5, \"value\": 4, \"wildlife\": 5, \"accommodation\": 5}','2026-04-03 19:51:31','2026-04-03 19:51:46'),(7,'Emily R.','Australia','🇦🇺',5,'Southern Tanzania Wilderness','2025-11-10','2025-11-25','approved','Selous was incredible, we had entire game drives where we didn\'t see another vehicle.','Selous was incredible, we had entire game drives where we didn\'t see another vehicle. Just us, the animals, and the African sky. The walking safari in Ruaha was the highlight of my trip. If you want true wilderness, go south.',NULL,'{\"guide\": 5, \"value\": 5, \"wildlife\": 5, \"accommodation\": 5}','2026-04-03 19:51:31','2026-04-03 19:51:46');
/*!40000 ALTER TABLE `reviews` ENABLE KEYS */;
UNLOCK TABLES;

--
-- Table structure for table `safari_accommodations`
--

DROP TABLE IF EXISTS `safari_accommodations`;
/*!40101 SET @saved_cs_client     = @@character_set_client */;
/*!50503 SET character_set_client = utf8mb4 */;
CREATE TABLE `safari_accommodations` (
  `id` bigint unsigned NOT NULL AUTO_INCREMENT,
  `safari_id` bigint unsigned NOT NULL,
  `name` varchar(255) COLLATE utf8mb4_unicode_ci NOT NULL,
  `nights` int NOT NULL DEFAULT '1',
  `tier` varchar(255) COLLATE utf8mb4_unicode_ci DEFAULT NULL,
  `image` varchar(255) COLLATE utf8mb4_unicode_ci DEFAULT NULL,
  `rating` int NOT NULL DEFAULT '5',
  `description` text COLLATE utf8mb4_unicode_ci,
  `website` varchar(255) COLLATE utf8mb4_unicode_ci DEFAULT NULL,
  `amenities` json DEFAULT NULL,
  `created_at` timestamp NULL DEFAULT NULL,
  `updated_at` timestamp NULL DEFAULT NULL,
  PRIMARY KEY (`id`),
  KEY `safari_accommodations_safari_id_foreign` (`safari_id`),
  CONSTRAINT `safari_accommodations_safari_id_foreign` FOREIGN KEY (`safari_id`) REFERENCES `safaris` (`id`) ON DELETE CASCADE
) ENGINE=InnoDB AUTO_INCREMENT=206 DEFAULT CHARSET=utf8mb4 COLLATE=utf8mb4_unicode_ci;
/*!40101 SET character_set_client = @saved_cs_client */;

--
-- Dumping data for table `safari_accommodations`
--

LOCK TABLES `safari_accommodations` WRITE;
/*!40000 ALTER TABLE `safari_accommodations` DISABLE KEYS */;
INSERT INTO `safari_accommodations` VALUES (184,70,'One Nature Camp North Serengeti',3,'Premium','http://localhost:8000/storage/accommodations/0Wrxr9h7ygNQwXlUc5wb265HEIZoV9lEQt91j8Px.webp',4,NULL,'https://onenaturehotels.com/',NULL,'2026-04-07 11:00:07','2026-04-07 11:00:07'),(185,70,'Warangi Ridge Central Serengeti',2,'Premium','http://localhost:8000/storage/accommodations/DwmX8CCILjwqO6WTIC4GSLWbZMI6FNnb1l0i7Dzp.jpg',4,NULL,'https://thewildernesscollection.com/warangi-ridge/',NULL,'2026-04-07 11:00:07','2026-04-07 11:00:07'),(186,70,'Craters Edge Ngorongoro',1,'Premium','http://localhost:8000/storage/accommodations/sYUB1DsRLI3RIdEcjQ1f94fEpaH8zgd6WQ7fJqen.jpg',4,NULL,'https://thewildernesscollection.com/craters-edge/',NULL,'2026-04-07 11:00:07','2026-04-07 11:00:07'),(187,72,'Neptune Camps Central Serengeti',2,'Premium','http://localhost:8000/storage/accommodations/SNYUEtei2hl8f3FbrVgOvxF5djd8S26yDNd8p9l4.webp',4,NULL,'https://www.neptunehotels.com/neptune-serengeti-luxury-camp/',NULL,'2026-04-07 11:01:51','2026-04-07 11:01:51'),(188,72,'Neptune Lodge Karatu (Return)',2,'Premium','http://localhost:8000/storage/accommodations/Gu0bG0JeNKccZrKZX98BqvIUlcw883B3Ulh7e7aG.webp',4,NULL,'https://www.neptunehotels.com/neptune-ngorongoro-luxury-lodge/',NULL,'2026-04-07 11:01:51','2026-04-07 11:01:51'),(189,72,'Neptune Resort Pwani Zanzibar',7,'Premium','http://localhost:8000/storage/accommodations/2StvjWm1sN8gcbe0zDmLqzj9PhfJdoRKqugJtIam.webp',4,NULL,'https://www.neptunehotels.com/neptune-pwani-beach-resort-spa/',NULL,'2026-04-07 11:01:51','2026-04-07 11:01:51'),(190,72,'Neptune Lodge Karatu',1,'Standard','http://localhost:8000/storage/accommodations/gWCYTLU6LZbz9FJWLJAKED09IjFDRjyitoHWQWys.webp',4,NULL,'https://www.neptunehotels.com/neptune-ngorongoro-luxury-lodge/',NULL,'2026-04-07 11:01:51','2026-04-07 11:01:51'),(191,72,'Coffee Lodge Arusha',2,'Premium','http://localhost:8000/storage/accommodations/Ez6z5XKqCUGuO7ZPYqnZJUiladd4I13vWs9ngGsB.webp',4,NULL,'https://www.elewanacollection.com/arusha-coffee-lodge/at-a-glance',NULL,'2026-04-07 11:01:51','2026-04-07 11:01:51'),(192,71,'Envi Sisini Camp Central Serengeti',3,'Premium','http://localhost:8000/storage/accommodations/wsVAnLmD4CpKKEPLKkJLBSemMqpHT6yjrjfcnAyE.webp',4,NULL,'https://envilodges.com/sisiniserengeti/accommodations/',NULL,'2026-04-07 11:04:00','2026-04-07 11:04:00'),(193,75,'Vuma Hills Mikumi',2,'Superior','http://localhost:8000/storage/accommodations/rJfKOFNjdKe64h6L3v58Kz8JvusxjLJHy4FYCfoO.webp',4,NULL,'https://www.vumahills.com/',NULL,'2026-04-07 11:06:22','2026-04-07 11:06:22'),(194,74,'Ruaha River Lodge',3,'Superior','http://localhost:8000/storage/accommodations/KMNct0ykth5bJiaTltc9HT8ZcNmhoJLomylaGLEb.jpg',4,NULL,'https://www.ruahariverlodge.com/',NULL,'2026-04-07 11:08:13','2026-04-07 11:08:13'),(195,73,'Serena Mivumo River Camp',3,'Premium','http://localhost:8000/storage/accommodations/CU7KkLpIZgKjNznBDPduF4afoTCWL0HL2xSdeKZH.webp',4,NULL,'https://www.serenahotels.com/mivumo?srsltid=AfmBOorZL-dfLzo178oyEkGTrOxWw2YywFV-VtFPZOvUTenzmTXT048q',NULL,'2026-04-07 11:10:12','2026-04-07 11:10:12'),(196,67,'Serengeti Explorer',2,'Superior','http://localhost:8000/storage/accommodations/Oht5CaiaZJ48pq1vX4GaDV4k05qxs5WgncWGthXb.webp',4,NULL,'https://explorer.africa/',NULL,'2026-04-07 11:11:52','2026-04-07 11:11:52'),(197,67,'Legendary Lodge Arusha',1,'Premium','http://localhost:8000/storage/accommodations/7uhbUnzXYdozIyNpptj0wdzU3pTMnP6B9z2VT7bf.webp',4,NULL,'https://www.legendarylodge.com',NULL,'2026-04-07 11:11:52','2026-04-07 11:11:52'),(198,67,'The Manor Karatu',1,'Premium','http://localhost:8000/storage/accommodations/009SVMIBR8KhlSqSoaGE2SFD2wV8kBz4edxoUueO.jpg',4,NULL,'https://www.elewanacollection.com/the-manor-at-ngorongoro/at-a-glance',NULL,'2026-04-07 11:11:52','2026-04-07 11:11:52'),(199,68,'Coffee Lodge Arusha',1,'Premium','http://localhost:8000/storage/accommodations/Ez6z5XKqCUGuO7ZPYqnZJUiladd4I13vWs9ngGsB.webp',4,NULL,'https://www.elewanacollection.com/arusha-coffee-lodge/at-a-glance',NULL,'2026-04-07 11:13:11','2026-04-07 11:13:11'),(200,68,'Ngorongoro Oldeani Lodge Karatu',1,'Premium','http://localhost:8000/storage/accommodations/CjWC3GFhycn5d8zGYTY64fBSw8u8e17M6sB3Nb2v.jpg',4,NULL,'https://wellworthcollection.co.tz/ngorongoro-oldeani/',NULL,'2026-04-07 11:13:11','2026-04-07 11:13:11'),(201,69,'Neptune Lodge Karatu',1,'Standard','http://localhost:8000/storage/accommodations/gWCYTLU6LZbz9FJWLJAKED09IjFDRjyitoHWQWys.webp',4,NULL,'https://www.neptunehotels.com/neptune-ngorongoro-luxury-lodge/',NULL,'2026-04-07 11:14:55','2026-04-07 11:14:55'),(202,66,'Gran Melia Arusha',1,'Premium','http://localhost:8000/storage/accommodations/OH0nbsvIMqyA5F2Ly5vZBoTXdy5aE9kw5qubMRCZ.webp',4,NULL,'https://www.melia.com/en/hotels/tanzania/arusha/gran-melia-arusha',NULL,'2026-04-07 11:17:50','2026-04-07 11:17:50'),(203,66,'Kilimamoja Lodge Lake Manyara',1,'Premium','http://localhost:8000/storage/accommodations/0VboPDkZBaIXenJVTrNIrhvglEyDaPTD3D8KHrnC.webp',4,NULL,'https://www.kilimamojalodge.com',NULL,'2026-04-07 11:17:50','2026-04-07 11:17:50'),(204,66,'Lake Magadi Lodge Central Serengeti',2,'Premium','http://localhost:8000/storage/accommodations/5qrSo9tMoKlkyUETRkHETKbQYNFlI5CUyBNYU1M1.jpg',4,NULL,'https://www.lakemagadilodge.com',NULL,'2026-04-07 11:17:50','2026-04-07 11:17:50'),(205,66,'Melia Lodge Ngorongoro',1,'Premium','http://localhost:8000/storage/accommodations/alTCkvgqkze9eC6mDVcneX2snXejIJyjffhCs33M.webp',4,NULL,'https://www.melia.com/en/hotels/tanzania/ngorongoro-conservation-area/ngorongoro-lodge-melia-collection',NULL,'2026-04-07 11:17:50','2026-04-07 11:17:50');
/*!40000 ALTER TABLE `safari_accommodations` ENABLE KEYS */;
UNLOCK TABLES;

--
-- Table structure for table `safari_wildlife`
--

DROP TABLE IF EXISTS `safari_wildlife`;
/*!40101 SET @saved_cs_client     = @@character_set_client */;
/*!50503 SET character_set_client = utf8mb4 */;
CREATE TABLE `safari_wildlife` (
  `id` bigint unsigned NOT NULL AUTO_INCREMENT,
  `safari_id` bigint unsigned NOT NULL,
  `wildlife_id` bigint unsigned NOT NULL,
  `sort_order` int NOT NULL DEFAULT '0',
  `created_at` timestamp NULL DEFAULT NULL,
  `updated_at` timestamp NULL DEFAULT NULL,
  PRIMARY KEY (`id`),
  UNIQUE KEY `safari_wildlife_safari_id_wildlife_id_unique` (`safari_id`,`wildlife_id`),
  KEY `safari_wildlife_wildlife_id_foreign` (`wildlife_id`),
  CONSTRAINT `safari_wildlife_safari_id_foreign` FOREIGN KEY (`safari_id`) REFERENCES `safaris` (`id`) ON DELETE CASCADE,
  CONSTRAINT `safari_wildlife_wildlife_id_foreign` FOREIGN KEY (`wildlife_id`) REFERENCES `wildlife` (`id`) ON DELETE CASCADE
) ENGINE=InnoDB DEFAULT CHARSET=utf8mb4 COLLATE=utf8mb4_unicode_ci;
/*!40101 SET character_set_client = @saved_cs_client */;

--
-- Dumping data for table `safari_wildlife`
--

LOCK TABLES `safari_wildlife` WRITE;
/*!40000 ALTER TABLE `safari_wildlife` DISABLE KEYS */;
/*!40000 ALTER TABLE `safari_wildlife` ENABLE KEYS */;
UNLOCK TABLES;

--
-- Table structure for table `safaris`
--

DROP TABLE IF EXISTS `safaris`;
/*!40101 SET @saved_cs_client     = @@character_set_client */;
/*!50503 SET character_set_client = utf8mb4 */;
CREATE TABLE `safaris` (
  `id` bigint unsigned NOT NULL AUTO_INCREMENT,
  `name` varchar(255) COLLATE utf8mb4_unicode_ci NOT NULL,
  `tagline` varchar(255) COLLATE utf8mb4_unicode_ci DEFAULT NULL,
  `slug` varchar(255) COLLATE utf8mb4_unicode_ci NOT NULL,
  `type` varchar(255) COLLATE utf8mb4_unicode_ci DEFAULT NULL,
  `duration` int DEFAULT NULL,
  `days` int DEFAULT NULL,
  `destinations` json DEFAULT NULL,
  `price` int DEFAULT NULL,
  `image` varchar(255) COLLATE utf8mb4_unicode_ci DEFAULT NULL,
  `hero_images` json DEFAULT NULL,
  `category` json DEFAULT NULL,
  `description` text COLLATE utf8mb4_unicode_ci,
  `highlights` json DEFAULT NULL,
  `inclusions` json DEFAULT NULL,
  `exclusions` json DEFAULT NULL,
  `price_tiers` json DEFAULT NULL,
  `wildlife` json DEFAULT NULL,
  `faqs` json DEFAULT NULL,
  `safari_add_ons` json DEFAULT NULL,
  `related_slugs` json DEFAULT NULL,
  `itinerary` json DEFAULT NULL,
  `meta_title` varchar(255) COLLATE utf8mb4_unicode_ci DEFAULT NULL,
  `meta_description` varchar(255) COLLATE utf8mb4_unicode_ci DEFAULT NULL,
  `focus_keyword` varchar(255) COLLATE utf8mb4_unicode_ci DEFAULT NULL,
  `group_size` varchar(255) COLLATE utf8mb4_unicode_ci DEFAULT NULL,
  `difficulty` varchar(255) COLLATE utf8mb4_unicode_ci DEFAULT NULL,
  `best_season` varchar(255) COLLATE utf8mb4_unicode_ci DEFAULT NULL,
  `best_season_months` json DEFAULT NULL,
  `max_group_size` int DEFAULT NULL,
  `short_description` varchar(500) COLLATE utf8mb4_unicode_ci DEFAULT NULL,
  `overview` text COLLATE utf8mb4_unicode_ci,
  `overview_prose` json DEFAULT NULL,
  `status` varchar(255) COLLATE utf8mb4_unicode_ci NOT NULL DEFAULT 'draft',
  `featured` tinyint(1) NOT NULL DEFAULT '0',
  `bookings_count` int NOT NULL DEFAULT '0',
  `created_at` timestamp NULL DEFAULT NULL,
  `updated_at` timestamp NULL DEFAULT NULL,
  PRIMARY KEY (`id`),
  UNIQUE KEY `safaris_slug_unique` (`slug`)
) ENGINE=InnoDB AUTO_INCREMENT=76 DEFAULT CHARSET=utf8mb4 COLLATE=utf8mb4_unicode_ci;
/*!40101 SET character_set_client = @saved_cs_client */;

--
-- Dumping data for table `safaris`
--

LOCK TABLES `safaris` WRITE;
/*!40000 ALTER TABLE `safaris` DISABLE KEYS */;
INSERT INTO `safaris` VALUES (66,'Classic Tanzania Safari',NULL,'classic-tanzania-safari','Wildlife Safari',7,7,'[\"Tarangire\", \"Serengeti\", \"Ngorongoro\"]',5135,'https://images.unsplash.com/photo-1516426122078-c23e76319801?w=1200','[\"http://localhost:8000/storage/safaris/nXYehZgerrurnfqxvZGyTYzAzbsQ9DFUYUvVQJH7.jpg\", \"http://localhost:8000/storage/safaris/E3ymzSq3JPRJzeTCL9A8JEtht4vKu2a67z3oWv3y.jpg\", \"http://localhost:8000/storage/safaris/QnxZSHPbJ5MDkbUJKFFENJUxCWj7eyZI52tgCAgK.jpg\"]',NULL,NULL,'[\"Great Migration in Serengeti\", \"Ngorongoro Crater game drives\", \"Tarangire elephant herds\", \"Big Five wildlife encounters\", \"Maasai cultural boma visit\", \"Sunrise over the savanna\"]','[\"Accommodation as specified in the itinerary\", \"All meals during safari (B=Breakfast, L=Lunch, D=Dinner)\", \"Professional English-speaking driver/guide\", \"Private 4WD safari vehicle with pop-up roof\", \"All national park fees and conservation fees\", \"AMREF Flying Doctor Evacuation Insurance\", \"All airport transfers in Kilimanjaro/Arusha\", \"Bottled drinking water throughout the safari\"]','[\"International flights\", \"Visa fees\", \"Travel insurance\", \"Personal gratuities and tips (guide $35/day)\", \"Alcoholic beverages and premium drinks\", \"Optional activities not mentioned in itinerary\", \"Personal expenses (phone calls, laundry, etc.)\"]','[{\"label\": \"1 person\", \"price\": 6980}, {\"label\": \"2 persons\", \"price\": 5135}, {\"label\": \"3 persons\", \"price\": 4965}, {\"label\": \"4 persons\", \"price\": 4555}, {\"label\": \"5 persons\", \"price\": 4560}, {\"label\": \"6 persons\", \"price\": 4350}]',NULL,NULL,NULL,NULL,NULL,NULL,NULL,NULL,'Max 6 guests','Easy','[\"Jan\",\"Feb\",\"Mar\",\"Jun\",\"Jul\",\"Aug\",\"Sep\",\"Oct\",\"Nov\",\"Dec\"]','[\"Jan\", \"Feb\", \"Mar\", \"Jun\", \"Jul\", \"Aug\", \"Sep\", \"Oct\", \"Nov\", \"Dec\"]',6,'Explore the Northern Circuit: Tarangire, Serengeti, and Ngorongoro Crater in 7 days of unforgettable wildlife adventure.','Experience the best of Tanzania\'s wildlife on this classic 7-day safari through Tarangire National Park, Serengeti National Park, and Ngorongoro Conservation Area. Witness the Great Migration, explore the world-famous Ngorongoro Crater, and marvel at Tarangire\'s elephant herds and ancient baobab trees. This safari offers premium, superior, and standard accommodation options to suit every traveler\'s preferences and budget.',NULL,'published',1,0,'2026-04-03 19:51:45','2026-04-07 11:17:50'),(67,'Serengeti & Ngorongoro Express',NULL,'serengeti-ngorongoro-express','Wildlife Safari',5,5,'[\"Serengeti\", \"Ngorongoro\"]',4255,'https://images.unsplash.com/photo-1547471080-7cc2caa01a7e?w=1200','[\"http://localhost:8000/storage/safaris/J6UlGDhNeCvT5375PchInUOgS7LV3skyDoFmnSPv.jpg\", \"http://localhost:8000/storage/safaris/h4lKyETv9hWtNjRFyMv3SfF77hf6YNz66ISqKf7D.jpg\", \"http://localhost:8000/storage/safaris/UqjhrBnNKuLzzWj7YrUKlVj3stlZw3xNMHDPvjng.jpg\"]',NULL,NULL,'[\"Serengeti game drives\", \"Ngorongoro Crater descent\", \"Masai boma cultural visit\", \"Big Five in two ecosystems\"]','[\"Accommodation as specified in the itinerary\", \"All meals during safari (B=Breakfast, L=Lunch, D=Dinner)\", \"Professional English-speaking driver/guide\", \"Private 4WD safari vehicle with pop-up roof\", \"All national park fees and conservation fees\", \"AMREF Flying Doctor Evacuation Insurance\", \"All airport transfers in Kilimanjaro/Arusha\", \"Bottled drinking water throughout the safari\"]','[\"International flights\", \"Visa fees\", \"Travel insurance\", \"Personal gratuities and tips (guide $35/day)\", \"Alcoholic beverages and premium drinks\", \"Optional activities not mentioned in itinerary\", \"Personal expenses (phone calls, laundry, etc.)\"]','[{\"label\": \"1 person\", \"price\": 5550}, {\"label\": \"2 persons\", \"price\": 4255}, {\"label\": \"3 persons\", \"price\": 4080}, {\"label\": \"4 persons\", \"price\": 3805}, {\"label\": \"5 persons\", \"price\": 3785}, {\"label\": \"6 persons\", \"price\": 3650}]',NULL,NULL,NULL,NULL,NULL,NULL,NULL,NULL,'Max 6 guests','Easy','[\"Jan\",\"Feb\",\"Mar\",\"Jun\",\"Jul\",\"Aug\",\"Sep\",\"Oct\",\"Nov\",\"Dec\"]','[\"Jan\", \"Feb\", \"Mar\", \"Jun\", \"Jul\", \"Aug\", \"Sep\", \"Oct\", \"Nov\", \"Dec\"]',6,'A concentrated 5-day safari through Serengeti and Ngorongoro Crater with premium accommodations.','This 5-day express safari takes you to two of Tanzania\'s most iconic destinations: the endless plains of the Serengeti and the natural wonder of Ngorongoro Crater. Perfect for travelers with limited time who want maximum wildlife encounters. Choose from Premium, Superior, or Standard accommodation tiers.',NULL,'published',0,0,'2026-04-03 19:51:45','2026-04-07 11:11:52'),(68,'Tanzania Sampler Safari',NULL,'tanzania-sampler-safari','Wildlife Safari',3,3,'[\"Arusha\", \"Tarangire\", \"Ngorongoro\"]',1590,'https://images.unsplash.com/photo-1534177616064-26c1014be040?w=1200','[\"http://localhost:8000/storage/safaris/UvyAqg6V8Aqj2l2TuH3WNwNvWjkvQ3csAigVPPNQ.jpg\", \"http://localhost:8000/storage/safaris/HhIbVOpuOpkFIAK67buVJmEacEVl9pvJkcaraJzn.jpg\", \"http://localhost:8000/storage/safaris/uMfHF45kcoQMRk1UCeZ2hXmWuVdR8gDwpZEh5Htw.jpg\"]',NULL,NULL,'[\"Arusha National Park day trip\", \"Tarangire elephant herds\", \"Ngorongoro Crater game drive\"]','[\"Accommodation as specified in the itinerary\", \"All meals during safari (B=Breakfast, L=Lunch, D=Dinner)\", \"Professional English-speaking driver/guide\", \"Private 4WD safari vehicle with pop-up roof\", \"All national park fees and conservation fees\", \"AMREF Flying Doctor Evacuation Insurance\", \"All airport transfers in Kilimanjaro/Arusha\", \"Bottled drinking water throughout the safari\"]','[\"International flights\", \"Visa fees\", \"Travel insurance\", \"Personal gratuities and tips (guide $35/day)\", \"Alcoholic beverages and premium drinks\", \"Optional activities not mentioned in itinerary\", \"Personal expenses (phone calls, laundry, etc.)\"]','[{\"label\": \"1 person\", \"price\": 2520}, {\"label\": \"2 persons\", \"price\": 1590}, {\"label\": \"3 persons\", \"price\": 1425}, {\"label\": \"4 persons\", \"price\": 1245}, {\"label\": \"5 persons\", \"price\": 1265}, {\"label\": \"6 persons\", \"price\": 1120}]',NULL,NULL,NULL,NULL,NULL,NULL,NULL,NULL,'Max 6 guests','Easy','[\"Jan\",\"Feb\",\"Mar\",\"Jun\",\"Jul\",\"Aug\",\"Sep\",\"Oct\",\"Nov\",\"Dec\"]','[\"Jan\", \"Feb\", \"Mar\", \"Jun\", \"Jul\", \"Aug\", \"Sep\", \"Oct\", \"Nov\", \"Dec\"]',6,'A quick 3-day introduction to Tanzania\'s Northern Circuit highlights.','Perfect for travelers with limited time, this 3-day sampler safari covers Arusha National Park, Tarangire National Park, and Ngorongoro Crater. Experience diverse wildlife, stunning landscapes, and the rich culture of Tanzania in a compact itinerary.',NULL,'published',0,0,'2026-04-03 19:51:45','2026-04-07 11:13:11'),(69,'Tarangire & Ngorongoro Quick Escape',NULL,'tarangire-ngorongoro-quick-escape','Wildlife Safari',2,2,'[\"Tarangire\", \"Ngorongoro\"]',1550,'https://images.unsplash.com/photo-1518709766631-a6a7f45921c3?w=1200','[\"http://localhost:8000/storage/safaris/upidlOrTpIiPcLxt802XmfBumXCnOzpIsp4syOMQ.jpg\", \"http://localhost:8000/storage/safaris/E1DTNQN49mAFCYIHrV3ttplNqPqlHcmtyrNSJAip.jpg\", \"http://localhost:8000/storage/safaris/Ejr7ZnSMcuwuc0ytk3Ond6ne4dSepSyrtN5UWgtd.jpg\"]',NULL,NULL,'[\"Tarangire game drive\", \"Ngorongoro Crater exploration\", \"Quick but comprehensive wildlife experience\"]','[\"Accommodation as specified in the itinerary\", \"All meals during safari (B=Breakfast, L=Lunch, D=Dinner)\", \"Professional English-speaking driver/guide\", \"Private 4WD safari vehicle with pop-up roof\", \"All national park fees and conservation fees\", \"AMREF Flying Doctor Evacuation Insurance\", \"All airport transfers in Kilimanjaro/Arusha\", \"Bottled drinking water throughout the safari\"]','[\"International flights\", \"Visa fees\", \"Travel insurance\", \"Personal gratuities and tips (guide $35/day)\", \"Alcoholic beverages and premium drinks\", \"Optional activities not mentioned in itinerary\", \"Personal expenses (phone calls, laundry, etc.)\"]','[{\"label\": \"1 person\", \"price\": 1970}, {\"label\": \"2 persons\", \"price\": 1550}, {\"label\": \"3 persons\", \"price\": 1215}, {\"label\": \"4 persons\", \"price\": 1200}, {\"label\": \"5 persons\", \"price\": 1065}, {\"label\": \"6 persons\", \"price\": 1075}]',NULL,NULL,NULL,NULL,NULL,NULL,NULL,NULL,'Max 6 guests','Easy','[\"Jan\",\"Feb\",\"Mar\",\"Jun\",\"Jul\",\"Aug\",\"Sep\",\"Oct\",\"Nov\",\"Dec\"]','[\"Jan\", \"Feb\", \"Mar\", \"Jun\", \"Jul\", \"Aug\", \"Sep\", \"Oct\", \"Nov\", \"Dec\"]',6,'A whirlwind 2-day safari combining Tarangire and Ngorongoro Crater.','Short on time but want the full safari experience? This 2-day escape covers Tarangire National Park and the Ngorongoro Crater. Perfect as an add-on to a beach holiday or business trip to Dar es Salaam.',NULL,'published',0,0,'2026-04-03 19:51:45','2026-04-07 11:14:55'),(70,'Northern Serengeti Explorer',NULL,'northern-serengeti-explorer','Wildlife Safari',7,7,'[\"Serengeti\", \"Ngorongoro\"]',12305,'https://images.unsplash.com/photo-1631646109206-4b5616964f84?w=1200','[\"http://localhost:8000/storage/safaris/wWKdzbO7h3ZmcP13EoZa1hmA7UeWI3OAMbJmDbPP.jpg\", \"http://localhost:8000/storage/safaris/g3ZloZQ9hjk3c0xNpooe0Cwa5RLkFX5ZcPqMeYdq.jpg\", \"http://localhost:8000/storage/safaris/mtFzoD3hRyEOevIBJw8P2ml5zhtgY3wRlSR6Yq2A.jpg\"]',NULL,NULL,'[\"Northern Serengeti wilderness\", \"Mara River crossing point\", \"3 nights in North Serengeti\", \"Big Five in multiple ecosystems\", \"Ngorongoro Crater finale\"]','[\"Accommodation as specified in the itinerary\", \"All meals during safari (B=Breakfast, L=Lunch, D=Dinner)\", \"Professional English-speaking driver/guide\", \"Private 4WD safari vehicle with pop-up roof\", \"All national park fees and conservation fees\", \"AMREF Flying Doctor Evacuation Insurance\", \"All airport transfers in Kilimanjaro/Arusha\", \"Bottled drinking water throughout the safari\"]','[\"International flights\", \"Visa fees\", \"Travel insurance\", \"Personal gratuities and tips (guide $35/day)\", \"Alcoholic beverages and premium drinks\", \"Optional activities not mentioned in itinerary\", \"Personal expenses (phone calls, laundry, etc.)\", \"International flights to Mwanza\"]','[{\"label\": \"1 person\", \"price\": 14210}, {\"label\": \"2 persons\", \"price\": 12305}, {\"label\": \"3 persons\", \"price\": 12095}, {\"label\": \"4 persons\", \"price\": 11680}, {\"label\": \"5 persons\", \"price\": 11675}, {\"label\": \"6 persons\", \"price\": 11460}]',NULL,NULL,NULL,NULL,NULL,NULL,NULL,NULL,'Max 6 guests','Moderate','[\"Jan\",\"Feb\",\"Mar\",\"Jun\",\"Jul\",\"Aug\",\"Sep\",\"Oct\",\"Nov\",\"Dec\"]','[\"Jan\", \"Feb\", \"Mar\", \"Jun\", \"Jul\", \"Aug\", \"Sep\", \"Oct\", \"Nov\", \"Dec\"]',6,'Explore the remote Northern Serengeti with 3 nights in this pristine wilderness, plus Ngorongoro Crater.','This unique 7-day safari starts from Mwanza Airport and takes you deep into Northern Serengeti, one of the most remote and wildlife-rich areas of the park. Spend 3 nights in the north, then move to Central Serengeti for 2 more nights, finishing with Ngorongoro Crater. Perfect for travelers seeking exclusivity and the Mara River crossing area.',NULL,'published',1,0,'2026-04-03 19:51:45','2026-04-07 11:00:07'),(71,'Fly-In Serengeti Safari',NULL,'fly-in-serengeti-safari','Wildlife Safari',4,4,'[\"Serengeti\"]',5585,'https://images.unsplash.com/photo-1547471080-7cc2caa01a7e?w=1200','[\"http://localhost:8000/storage/safaris/Mn5mzE6LoiGJt62QFQMUqrV0HADvntfX4ehmCwvZ.jpg\", \"http://localhost:8000/storage/safaris/TmSBGzrDKAalxL7fHQJSnMeKjvmsbm7UUPTTPEb2.jpg\", \"http://localhost:8000/storage/safaris/JJGx23Zk7Vq0Q5KaNedP36ZdyC78ABRxCoLia5Gc.jpg\"]',NULL,NULL,'[\"Fly directly into Serengeti\", \"3 full days of game drives\", \"Central Serengeti wildlife\", \"Premium tented camp experience\"]','[\"Accommodation as specified in the itinerary\", \"All meals during safari (B=Breakfast, L=Lunch, D=Dinner)\", \"Professional English-speaking driver/guide\", \"Private 4WD safari vehicle with pop-up roof\", \"All national park fees and conservation fees\", \"AMREF Flying Doctor Evacuation Insurance\", \"All airport transfers in Kilimanjaro/Arusha\", \"Bottled drinking water throughout the safari\", \"Scheduled domestic flights to/from Serengeti (on select tiers)\"]','[\"International flights\", \"Visa fees\", \"Travel insurance\", \"Personal gratuities and tips (guide $35/day)\", \"Alcoholic beverages and premium drinks\", \"Optional activities not mentioned in itinerary\", \"Personal expenses (phone calls, laundry, etc.)\", \"International and domestic airfares\", \"Zanzibar Infrastructure Tax $5/person/day\"]','[{\"label\": \"1 person\", \"price\": 6620}, {\"label\": \"2 persons\", \"price\": 5585}, {\"label\": \"3 persons\", \"price\": 5240}, {\"label\": \"4 persons\", \"price\": 5065}, {\"label\": \"5 persons\", \"price\": 4960}, {\"label\": \"6 persons\", \"price\": 4890}]',NULL,NULL,NULL,NULL,NULL,NULL,NULL,NULL,'Max 6 guests','Easy','[\"Jan\",\"Feb\",\"Mar\",\"Jun\",\"Jul\",\"Aug\",\"Sep\",\"Oct\",\"Nov\",\"Dec\"]','[\"Jan\", \"Feb\", \"Mar\", \"Jun\", \"Jul\", \"Aug\", \"Sep\", \"Oct\", \"Nov\", \"Dec\"]',6,'Fly directly into Serengeti for 3 nights of immersive safari experience.','Skip the long drives and fly directly into the heart of Serengeti. This 4-day fly-in safari maximizes your time in the park with 3 full days of game drives. Stay at premium camps in Central Serengeti. Note: Domestic flights not included in package price.',NULL,'published',0,0,'2026-04-03 19:51:45','2026-04-07 11:04:00'),(72,'Safari & Zanzibar Beach Holiday',NULL,'safari-zanzibar-beach-holiday','Wildlife Safari',14,14,'[\"Arusha\", \"Tarangire\", \"Serengeti\", \"Ngorongoro\", \"Zanzibar\"]',9125,'https://images.unsplash.com/photo-1516426122078-c23e76319801?w=1200','[\"http://localhost:8000/storage/safaris/VF2yVCCB6B8EyjIfXMbYPXDjfErsHb4Bb9uV4wfZ.jpg\", \"http://localhost:8000/storage/safaris/4KcC0FcgkgIKVUojGWS2b4b3JksqxyGmksD8XqxI.jpg\", \"http://localhost:8000/storage/safaris/wd2R7hmeBotkdCVht7M1cAQF2dX08QmzDfo66loc.jpg\"]',NULL,NULL,'[\"Full Northern Circuit safari\", \"Tarangire, Serengeti, Ngorongoro\", \"7 nights Zanzibar beach resort\", \"Bush and beach combination\", \"Day trip to Kilimanjaro West\"]','[\"Accommodation as specified in the itinerary\", \"All meals during safari (B=Breakfast, L=Lunch, D=Dinner)\", \"Professional English-speaking driver/guide\", \"Private 4WD safari vehicle with pop-up roof\", \"All national park fees and conservation fees\", \"AMREF Flying Doctor Evacuation Insurance\", \"All airport transfers in Kilimanjaro/Arusha\", \"Bottled drinking water throughout the safari\", \"7 nights Zanzibar beach resort (All Inclusive)\", \"Domestic flight Arusha to Zanzibar\", \"Zanzibar airport transfers\"]','[\"International flights\", \"Visa fees\", \"Travel insurance\", \"Personal gratuities and tips (guide $35/day)\", \"Alcoholic beverages and premium drinks\", \"Optional activities not mentioned in itinerary\", \"Personal expenses (phone calls, laundry, etc.)\", \"International flights\", \"Zanzibar Infrastructure Tax $5/person/day\", \"Zanzibar Insurance fee $44/person\"]','[{\"label\": \"1 person\", \"price\": 12765}, {\"label\": \"2 persons\", \"price\": 9125}, {\"label\": \"3 persons\", \"price\": 9410}, {\"label\": \"4 persons\", \"price\": 8515}, {\"label\": \"5 persons\", \"price\": 8730}, {\"label\": \"6 persons\", \"price\": 8300}]',NULL,NULL,NULL,NULL,NULL,NULL,NULL,NULL,'Max 6 guests','Moderate','[\"Jan\",\"Feb\",\"Mar\",\"Jun\",\"Jul\",\"Aug\",\"Sep\",\"Oct\",\"Nov\",\"Dec\"]','[\"Jan\", \"Feb\", \"Mar\", \"Jun\", \"Jul\", \"Aug\", \"Sep\", \"Oct\", \"Nov\", \"Dec\"]',6,'The ultimate Tanzania experience: 7-day safari plus 7 days of Zanzibar beach relaxation.','Combine the best of both worlds: wildlife adventure in Tanzania\'s premier parks followed by a week of relaxation on Zanzibar\'s pristine beaches. This 14-day package includes a full Northern Circuit safari and 7 nights at a Zanzibar beach resort. The perfect bush-and-beach holiday.',NULL,'published',1,0,'2026-04-03 19:51:45','2026-04-07 11:01:51'),(73,'Selous (Nyerere) Fly-In Safari',NULL,'selous-nyerere-fly-in-safari','Southern Circuit',4,4,'[\"Selous\", \"Nyerere\"]',2334,'https://images.unsplash.com/photo-1518709766631-a6a7f45921c3?w=1200','[\"http://localhost:8000/storage/safaris/SC1OjV28TBjlDpRQlUmSUOLZ1tUhHOb5WKUotTyI.jpg\", \"http://localhost:8000/storage/safaris/fBI38feaxRpldFs1OiCSplzGt0WrckGFMTZ7xbHN.jpg\", \"http://localhost:8000/storage/safaris/3jqqkO7bfO3wfhP2oMRqJz18eBCn2T2LGPvjdnxR.jpg\"]',NULL,NULL,'[\"Selous (Nyerere) Game Reserve\", \"African wild dog sightings\", \"Bush walks with guides\", \"Boat safari on Rufiji River\", \"Serena Mivumo River Camp\"]','[\"Full board accommodation at Serena Mivumo River Camp\", \"Game drives in open safari vehicle\", \"All park fees and concession fees\", \"English-speaking driver guide\", \"Return transfers to/from Dar es Salaam airport\", \"Bush walks with experienced guides\"]','[\"International flights\", \"Visa fees\", \"Travel insurance\", \"Personal gratuities and tips (guide $35/day)\", \"Alcoholic beverages and premium drinks\", \"Optional activities not mentioned in itinerary\", \"Personal expenses (phone calls, laundry, etc.)\", \"Domestic flights from Dar es Salaam\", \"Boat excursion fees\"]','[{\"label\": \"1 person\", \"price\": 2334}, {\"label\": \"2 persons\", \"price\": 2334}]',NULL,NULL,NULL,NULL,NULL,NULL,NULL,NULL,'Max 6 guests','Moderate','[\"Jun\",\"Jul\",\"Aug\",\"Sep\",\"Oct\",\"Nov\",\"Dec\",\"Jan\",\"Feb\",\"Mar\"]','[\"Jun\", \"Jul\", \"Aug\", \"Sep\", \"Oct\", \"Nov\", \"Dec\", \"Jan\", \"Feb\", \"Mar\"]',6,'Explore the remote Selous (Nyerere) Game Reserve with a 4-day fly-in safari.','Selous Game Reserve (now Nyerere National Park) is one of Africa\'s largest and least-visited wildlife areas. This 4-day fly-in safari takes you to Serena Mivumo River Camp in the heart of Selous. Experience game drives, bush walks, and boat excursions. Note: Closed during April & May (rainy season).',NULL,'published',0,0,'2026-04-03 19:51:45','2026-04-07 11:10:12'),(74,'Ruaha Fly-In Safari with Balloon Option',NULL,'ruaha-fly-in-safari-balloon','Southern Circuit',4,4,'[\"Ruaha\"]',2514,'https://images.unsplash.com/photo-1534177616064-26c1014be040?w=1200','[\"http://localhost:8000/storage/safaris/6g3ww9UfF3Dk0a3O4XdFz0Vj9aZ8WUryrZCQqPuo.jpg\", \"http://localhost:8000/storage/safaris/4POgKFz0f6BkY6iPPbkVK1cCqG8LVfFgzC8k2rX3.jpg\", \"http://localhost:8000/storage/safaris/TSwmF2JGSeus3J2EJonCo0Fach5mCxgkALIe7tDB.jpg\"]',NULL,NULL,'[\"Ruaha National Park wilderness\", \"Large elephant herds\", \"Lion prides and wild dogs\", \"Optional hot air balloon safari\", \"Ruaha River Lodge\"]','[\"Full board accommodation at Ruaha River Lodge\", \"Game drives in open safari vehicle\", \"All park fees and concession fees\", \"English-speaking driver guide\", \"Return flights to and from Dar es Salaam\", \"Return transfers to/from the airstrip\", \"Balloon safari (July-October only, on select tier)\"]','[\"International flights\", \"Visa fees\", \"Travel insurance\", \"Personal gratuities and tips (guide $35/day)\", \"Alcoholic beverages and premium drinks\", \"Optional activities not mentioned in itinerary\", \"Personal expenses (phone calls, laundry, etc.)\", \"Balloon safari add-on ($520) outside of package tier\"]','[{\"label\": \"1 person\", \"price\": 2514}, {\"label\": \"2 persons\", \"price\": 2514}, {\"label\": \"1 person (with Balloon)\", \"price\": 3034}, {\"label\": \"2 persons (with Balloon)\", \"price\": 3034}]',NULL,NULL,NULL,NULL,NULL,NULL,NULL,NULL,'Max 6 guests','Moderate','[\"Jun\",\"Jul\",\"Aug\",\"Sep\",\"Oct\"]','[\"Jun\", \"Jul\", \"Aug\", \"Sep\", \"Oct\"]',6,'Explore remote Ruaha National Park with optional hot air balloon safari.','Ruaha National Park is Tanzania\'s largest and most remote wilderness park. This 4-day fly-in safari takes you to Ruaha River Lodge for 3 nights of game drives in one of Africa\'s last great wildlife strongholds. Optional hot air balloon safari available (July-October only).',NULL,'published',0,0,'2026-04-03 19:51:45','2026-04-07 11:08:13'),(75,'Mikumi Safari with SGR Train Experience',NULL,'mikumi-sgr-train-safari','Family Safari',3,3,'[\"Mikumi\"]',948,'https://images.unsplash.com/photo-1518709766631-a6a7f45921c3?w=1200','[\"http://localhost:8000/storage/safaris/4rS9uzUBqFFGFbpiiNPLQg2wKGtN91mavOhZn5IN.jpg\", \"http://localhost:8000/storage/safaris/J7E1nGTue4nOnDx9wNKoDXNqyk28c1GQjyhiQpDc.jpg\", \"http://localhost:8000/storage/safaris/n0WM0xYi05moys1VLAAfNmWl7O5jB9KruY23UujZ.jpg\"]',NULL,NULL,'[\"SGR train ride from Dar es Salaam\", \"Mikumi National Park game drives\", \"Mkata Floodplain wildlife\", \"Hippo Pool visit\", \"Budget-friendly safari option\"]','[\"Round-trip SGR train tickets (Dar es Salaam to Morogoro)\", \"Transfers from Morogoro to Mikumi National Park\", \"2 nights accommodation at Vuma Hills (Full Board)\", \"2 game drives in Mikumi National Park\", \"Park entrance fees and concession fees\", \"Professional driver-guide\", \"Optional morning game drive or nature walk on Day 3\"]','[\"International flights\", \"Visa fees\", \"Travel insurance\", \"Personal gratuities and tips (guide $35/day)\", \"Alcoholic beverages and premium drinks\", \"Optional activities not mentioned in itinerary\", \"Personal expenses (phone calls, laundry, etc.)\", \"Personal expenses on train\"]','[{\"label\": \"1 person (High Season)\", \"price\": 993}, {\"label\": \"2 persons (High Season)\", \"price\": 948}, {\"label\": \"1 person (Low Season)\", \"price\": 948}, {\"label\": \"2 persons (Low Season)\", \"price\": 903}]',NULL,NULL,NULL,NULL,NULL,NULL,NULL,NULL,'Max 6 guests','Easy','[\"Jun\",\"Jul\",\"Aug\",\"Sep\",\"Oct\",\"Dec\",\"Jan\"]','[\"Jun\", \"Jul\", \"Aug\", \"Sep\", \"Oct\", \"Dec\", \"Jan\"]',6,'Combine Tanzania\'s modern SGR train with a Mikumi National Park safari.','A unique safari experience combining Tanzania\'s new Standard Gauge Railway (SGR) train with a Mikumi National Park safari. Travel from Dar es Salaam to Morogoro by train, then drive to Mikumi for 2 nights of game drives. Perfect for families and budget-conscious travelers.',NULL,'published',0,0,'2026-04-03 19:51:45','2026-04-07 11:06:22');
/*!40000 ALTER TABLE `safaris` ENABLE KEYS */;
UNLOCK TABLES;

--
-- Table structure for table `seo_metadata`
--

DROP TABLE IF EXISTS `seo_metadata`;
/*!40101 SET @saved_cs_client     = @@character_set_client */;
/*!50503 SET character_set_client = utf8mb4 */;
CREATE TABLE `seo_metadata` (
  `id` bigint unsigned NOT NULL AUTO_INCREMENT,
  `path` varchar(255) COLLATE utf8mb4_unicode_ci NOT NULL,
  `title` varchar(255) COLLATE utf8mb4_unicode_ci NOT NULL,
  `description` varchar(255) COLLATE utf8mb4_unicode_ci NOT NULL,
  `keywords` varchar(255) COLLATE utf8mb4_unicode_ci DEFAULT NULL,
  `og_image` varchar(255) COLLATE utf8mb4_unicode_ci DEFAULT NULL,
  `created_at` timestamp NULL DEFAULT NULL,
  `updated_at` timestamp NULL DEFAULT NULL,
  PRIMARY KEY (`id`),
  UNIQUE KEY `seo_metadata_path_unique` (`path`)
) ENGINE=InnoDB DEFAULT CHARSET=utf8mb4 COLLATE=utf8mb4_unicode_ci;
/*!40101 SET character_set_client = @saved_cs_client */;

--
-- Dumping data for table `seo_metadata`
--

LOCK TABLES `seo_metadata` WRITE;
/*!40000 ALTER TABLE `seo_metadata` DISABLE KEYS */;
/*!40000 ALTER TABLE `seo_metadata` ENABLE KEYS */;
UNLOCK TABLES;

--
-- Table structure for table `sessions`
--

DROP TABLE IF EXISTS `sessions`;
/*!40101 SET @saved_cs_client     = @@character_set_client */;
/*!50503 SET character_set_client = utf8mb4 */;
CREATE TABLE `sessions` (
  `id` varchar(255) COLLATE utf8mb4_unicode_ci NOT NULL,
  `user_id` bigint unsigned DEFAULT NULL,
  `ip_address` varchar(45) COLLATE utf8mb4_unicode_ci DEFAULT NULL,
  `user_agent` text COLLATE utf8mb4_unicode_ci,
  `payload` longtext COLLATE utf8mb4_unicode_ci NOT NULL,
  `last_activity` int NOT NULL,
  PRIMARY KEY (`id`),
  KEY `sessions_user_id_index` (`user_id`),
  KEY `sessions_last_activity_index` (`last_activity`)
) ENGINE=InnoDB DEFAULT CHARSET=utf8mb4 COLLATE=utf8mb4_unicode_ci;
/*!40101 SET character_set_client = @saved_cs_client */;

--
-- Dumping data for table `sessions`
--

LOCK TABLES `sessions` WRITE;
/*!40000 ALTER TABLE `sessions` DISABLE KEYS */;
INSERT INTO `sessions` VALUES ('M4h3nzCTsaCWNN3RnXwCaehw6j7Ec0YU9uRUWTNm',NULL,'127.0.0.1','Mozilla/5.0 (Macintosh; Intel Mac OS X 10_15_7) AppleWebKit/537.36 (KHTML, like Gecko) Chrome/146.0.0.0 Safari/537.36','eyJfdG9rZW4iOiJ4UzFyd1BQMmFSNThvazBLMGs1dnViTHJZZzFHdEMzeG1oYnRlTnF3IiwiX3ByZXZpb3VzIjp7InVybCI6Imh0dHA6XC9cLzEyNy4wLjAuMTo4MDAwIiwicm91dGUiOm51bGx9LCJfZmxhc2giOnsib2xkIjpbXSwibmV3IjpbXX19',1775662012);
/*!40000 ALTER TABLE `sessions` ENABLE KEYS */;
UNLOCK TABLES;

--
-- Table structure for table `settings`
--

DROP TABLE IF EXISTS `settings`;
/*!40101 SET @saved_cs_client     = @@character_set_client */;
/*!50503 SET character_set_client = utf8mb4 */;
CREATE TABLE `settings` (
  `id` bigint unsigned NOT NULL AUTO_INCREMENT,
  `key` varchar(255) COLLATE utf8mb4_unicode_ci NOT NULL,
  `value` text COLLATE utf8mb4_unicode_ci,
  `group` varchar(255) COLLATE utf8mb4_unicode_ci DEFAULT NULL,
  `created_at` timestamp NULL DEFAULT NULL,
  `updated_at` timestamp NULL DEFAULT NULL,
  PRIMARY KEY (`id`),
  UNIQUE KEY `settings_key_unique` (`key`)
) ENGINE=InnoDB DEFAULT CHARSET=utf8mb4 COLLATE=utf8mb4_unicode_ci;
/*!40101 SET character_set_client = @saved_cs_client */;

--
-- Dumping data for table `settings`
--

LOCK TABLES `settings` WRITE;
/*!40000 ALTER TABLE `settings` DISABLE KEYS */;
/*!40000 ALTER TABLE `settings` ENABLE KEYS */;
UNLOCK TABLES;

--
-- Table structure for table `subscribers`
--

DROP TABLE IF EXISTS `subscribers`;
/*!40101 SET @saved_cs_client     = @@character_set_client */;
/*!50503 SET character_set_client = utf8mb4 */;
CREATE TABLE `subscribers` (
  `id` bigint unsigned NOT NULL AUTO_INCREMENT,
  `email` varchar(255) COLLATE utf8mb4_unicode_ci NOT NULL,
  `name` varchar(255) COLLATE utf8mb4_unicode_ci DEFAULT NULL,
  `country` varchar(255) COLLATE utf8mb4_unicode_ci DEFAULT NULL,
  `source` varchar(255) COLLATE utf8mb4_unicode_ci DEFAULT NULL,
  `status` varchar(255) COLLATE utf8mb4_unicode_ci NOT NULL DEFAULT 'active',
  `date_subscribed` date DEFAULT NULL,
  `created_at` timestamp NULL DEFAULT NULL,
  `updated_at` timestamp NULL DEFAULT NULL,
  PRIMARY KEY (`id`),
  UNIQUE KEY `subscribers_email_unique` (`email`)
) ENGINE=InnoDB AUTO_INCREMENT=6 DEFAULT CHARSET=utf8mb4 COLLATE=utf8mb4_unicode_ci;
/*!40101 SET character_set_client = @saved_cs_client */;

--
-- Dumping data for table `subscribers`
--

LOCK TABLES `subscribers` WRITE;
/*!40000 ALTER TABLE `subscribers` DISABLE KEYS */;
INSERT INTO `subscribers` VALUES (1,'john@example.com','John Smith','United Kingdom','Website','active','2025-11-15','2026-04-03 19:51:46','2026-04-03 19:51:46'),(2,'sarah@example.com','Sarah Mitchell','United States','Booking','active','2025-08-28','2026-04-03 19:51:46','2026-04-03 19:51:46'),(3,'marco@example.com','Marco Rossi','Italy','Website','active','2026-01-10','2026-04-03 19:51:46','2026-04-03 19:51:46'),(4,'anna@example.com','Anna Johansson','Sweden','Website','active','2026-02-20','2026-04-03 19:51:46','2026-04-03 19:51:46'),(5,'chen@example.com','Wei Chen','China','Import','unsubscribed','2025-06-01','2026-04-03 19:51:46','2026-04-03 19:51:46');
/*!40000 ALTER TABLE `subscribers` ENABLE KEYS */;
UNLOCK TABLES;

--
-- Table structure for table `team_members`
--

DROP TABLE IF EXISTS `team_members`;
/*!40101 SET @saved_cs_client     = @@character_set_client */;
/*!50503 SET character_set_client = utf8mb4 */;
CREATE TABLE `team_members` (
  `id` bigint unsigned NOT NULL AUTO_INCREMENT,
  `name` varchar(255) COLLATE utf8mb4_unicode_ci NOT NULL,
  `role` varchar(255) COLLATE utf8mb4_unicode_ci DEFAULT NULL,
  `experience` varchar(255) COLLATE utf8mb4_unicode_ci DEFAULT NULL,
  `languages` json DEFAULT NULL,
  `specializations` json DEFAULT NULL,
  `show_on_website` tinyint(1) NOT NULL DEFAULT '1',
  `photo` varchar(255) COLLATE utf8mb4_unicode_ci DEFAULT NULL,
  `bio` text COLLATE utf8mb4_unicode_ci,
  `created_at` timestamp NULL DEFAULT NULL,
  `updated_at` timestamp NULL DEFAULT NULL,
  PRIMARY KEY (`id`)
) ENGINE=InnoDB AUTO_INCREMENT=6 DEFAULT CHARSET=utf8mb4 COLLATE=utf8mb4_unicode_ci;
/*!40101 SET character_set_client = @saved_cs_client */;

--
-- Dumping data for table `team_members`
--

LOCK TABLES `team_members` WRITE;
/*!40000 ALTER TABLE `team_members` DISABLE KEYS */;
INSERT INTO `team_members` VALUES (1,'Joseph Makacha','Senior Guide','18 years','[\"English\", \"Swahili\", \"German\"]','[\"Serengeti\", \"Ngorongoro\", \"Photography\"]',1,NULL,'Joseph has been guiding in the Serengeti since 2008. He can identify over 400 bird species by call and knows individual lion pride histories spanning three generations. His photography instincts make him the first choice for photography safari clients.','2026-04-03 19:51:46','2026-04-03 19:51:46'),(3,'Emmanuel Mollel','Kilimanjaro Specialist','15 years','[\"English\", \"Swahili\"]','[\"Kilimanjaro\", \"Lemosho\", \"Machame\"]',1,NULL,'Emmanuel has summited Kilimanjaro over 200 times via every route. His calm leadership on summit night has guided hundreds of clients to Uhuru Peak. He is certified in high-altitude medicine.','2026-04-03 19:51:46','2026-04-03 19:51:46'),(4,'Grace Njau','Operations Manager','10 years','[\"English\", \"Swahili\"]','[\"Operations\", \"Logistics\"]',1,NULL,'Grace ensures every safari runs flawlessly behind the scenes. From lodge confirmations to vehicle maintenance schedules, she is the operational backbone of Ronjoo Safaris.','2026-04-03 19:51:46','2026-04-03 19:51:46'),(5,'Peter Swai','Guide','8 years','[\"English\", \"Swahili\", \"Italian\"]','[\"Southern Circuit\", \"Walking Safaris\"]',1,NULL,'Peter specializes in the remote Southern Circuit, Ruaha and Nyerere. His walking safari skills are exceptional, trained by some of the finest walking guides in East Africa.','2026-04-03 19:51:46','2026-04-03 19:51:46');
/*!40000 ALTER TABLE `team_members` ENABLE KEYS */;
UNLOCK TABLES;

--
-- Table structure for table `travel_guides`
--

DROP TABLE IF EXISTS `travel_guides`;
/*!40101 SET @saved_cs_client     = @@character_set_client */;
/*!50503 SET character_set_client = utf8mb4 */;
CREATE TABLE `travel_guides` (
  `id` bigint unsigned NOT NULL AUTO_INCREMENT,
  `slug` varchar(255) COLLATE utf8mb4_unicode_ci NOT NULL,
  `title` varchar(255) COLLATE utf8mb4_unicode_ci NOT NULL,
  `category` varchar(255) COLLATE utf8mb4_unicode_ci DEFAULT NULL,
  `guide_type` varchar(255) COLLATE utf8mb4_unicode_ci DEFAULT NULL,
  `description` text COLLATE utf8mb4_unicode_ci,
  `read_time` varchar(255) COLLATE utf8mb4_unicode_ci DEFAULT NULL,
  `updated_date` varchar(255) COLLATE utf8mb4_unicode_ci DEFAULT NULL,
  `hero_image` varchar(255) COLLATE utf8mb4_unicode_ci DEFAULT NULL,
  `popular` tinyint(1) NOT NULL DEFAULT '0',
  `toc` json DEFAULT NULL,
  `content` json DEFAULT NULL,
  `related_slugs` json DEFAULT NULL,
  `status` varchar(255) COLLATE utf8mb4_unicode_ci NOT NULL DEFAULT 'draft',
  `excerpt` text COLLATE utf8mb4_unicode_ci,
  `checklist_items` json DEFAULT NULL,
  `meta_title` varchar(255) COLLATE utf8mb4_unicode_ci DEFAULT NULL,
  `meta_description` varchar(255) COLLATE utf8mb4_unicode_ci DEFAULT NULL,
  `created_at` timestamp NULL DEFAULT NULL,
  `updated_at` timestamp NULL DEFAULT NULL,
  PRIMARY KEY (`id`),
  UNIQUE KEY `travel_guides_slug_unique` (`slug`)
) ENGINE=InnoDB AUTO_INCREMENT=36 DEFAULT CHARSET=utf8mb4 COLLATE=utf8mb4_unicode_ci;
/*!40101 SET character_set_client = @saved_cs_client */;

--
-- Dumping data for table `travel_guides`
--

LOCK TABLES `travel_guides` WRITE;
/*!40000 ALTER TABLE `travel_guides` DISABLE KEYS */;
INSERT INTO `travel_guides` VALUES (29,'safari-packing-guide','Safari Packing Guide: What to Bring on Your Tanzanian Adventure','Before You Go','checklist',NULL,'8 min','2026-03-01',NULL,1,'[\"Clothing Essentials\", \"Health & Medications\", \"Documents & Money\", \"Photography Gear\", \"Miscellaneous\"]','[{\"text\": \"The Essential Safari Packing List\", \"type\": \"paragraph\"}, {\"text\": \"Packing for a Tanzanian safari requires careful consideration. The climate varies from cool mornings (10–15°C) to hot afternoons (30°C+), and luggage restrictions on light aircraft flights limit you to 15kg in soft-sided bags.\", \"type\": \"paragraph\"}, {\"text\": \"Clothing\", \"type\": \"paragraph\"}, {\"text\": \"Stick to neutral colors (khaki, olive, beige). Avoid blue and black (attract tsetse flies) and white (shows dust instantly).\", \"type\": \"paragraph\"}, {\"text\": \"Health &amp; Medications\", \"type\": \"paragraph\"}, {\"text\": \"Malaria prophylaxis is essential. Consult your doctor 4–6 weeks before travel.\", \"type\": \"paragraph\"}, {\"text\": \"Documents\", \"type\": \"paragraph\"}, {\"text\": \"Photography &amp; Electronics\", \"type\": \"paragraph\"}, {\"text\": \"Miscellaneous Essentials\", \"type\": \"paragraph\"}, {\"text\": \"Final tip: Pack everything in a soft-sided duffel bag (no hard suitcases). Light aircraft flights have a strict 15kg luggage limit.\", \"type\": \"paragraph\"}, {\"text\": \"Lightweight rain jacket (if traveling Nov–May)\", \"type\": \"paragraph\"}, {\"text\": \"Malaria prophylaxis (consult your doctor 4–6 weeks before)\", \"type\": \"paragraph\"}, {\"text\": \"Broad-spectrum sunscreen (SPF 50+)\", \"type\": \"paragraph\"}, {\"text\": \"Insect repellent with DEET (40%+)\", \"type\": \"paragraph\"}, {\"text\": \"Personal prescription medications (in original containers)\", \"type\": \"paragraph\"}, {\"text\": \"Basic first-aid kit (bandages, antiseptic, pain relievers)\", \"type\": \"paragraph\"}, {\"text\": \"Hand sanitizer\", \"type\": \"paragraph\"}, {\"text\": \"Anti-diarrheal medication (Imodium)\", \"type\": \"paragraph\"}, {\"text\": \"Rehydration salts\", \"type\": \"paragraph\"}, {\"text\": \"Valid passport (6+ months validity)\", \"type\": \"paragraph\"}, {\"text\": \"Tanzania eVisa (printed copy)\", \"type\": \"paragraph\"}, {\"text\": \"Travel insurance documents (including evacuation cover)\", \"type\": \"paragraph\"}, {\"text\": \"Vaccination certificates (Yellow Fever if required)\", \"type\": \"paragraph\"}, {\"text\": \"Flight itineraries and safari booking confirmations\", \"type\": \"paragraph\"}, {\"text\": \"Credit/debit cards (Visa is most widely accepted)\", \"type\": \"paragraph\"}, {\"text\": \"USD cash for tips ($1 bills are useful)\", \"type\": \"paragraph\"}, {\"text\": \"Photocopies of all important documents\", \"type\": \"paragraph\"}, {\"text\": \"DSLR/mirrorless camera with telephoto lens (100–400mm minimum)\", \"type\": \"paragraph\"}, {\"text\": \"Extra memory cards and batteries\", \"type\": \"paragraph\"}, {\"text\": \"Bean bag for vehicle window stabilization\", \"type\": \"paragraph\"}, {\"text\": \"Binoculars (8x42 or 10x42 recommended)\", \"type\": \"paragraph\"}, {\"text\": \"Universal power adapter (UK-style 3-pin plugs)\", \"type\": \"paragraph\"}, {\"text\": \"Portable power bank\", \"type\": \"paragraph\"}, {\"text\": \"Headlamp with red-light mode\", \"type\": \"paragraph\"}, {\"text\": \"Reusable water bottle\", \"type\": \"paragraph\"}, {\"text\": \"Sunglasses with UV protection\", \"type\": \"paragraph\"}, {\"text\": \"Quick-dry microfiber towel\", \"type\": \"paragraph\"}, {\"text\": \"Ziplock bags (for protecting electronics from dust)\", \"type\": \"paragraph\"}, {\"text\": \"Small daypack for game drives\", \"type\": \"paragraph\"}, {\"text\": \"Lightweight, breathable shirts (long-sleeve for sun protection)\", \"type\": \"paragraph\"}, {\"text\": \"Shorts or convertible pants\", \"type\": \"paragraph\"}, {\"text\": \"Fleece or warm jacket for early mornings\", \"type\": \"paragraph\"}, {\"text\": \"Wide-brimmed hat with chin strap\", \"type\": \"paragraph\"}, {\"text\": \"Comfortable, closed-toe walking shoes\", \"type\": \"paragraph\"}, {\"text\": \"Sandals for lodge evenings\", \"type\": \"paragraph\"}, {\"text\": \"Undergarments and socks (quick-dry material)\", \"type\": \"paragraph\"}, {\"text\": \"Swimwear (many lodges have pools)\", \"type\": \"paragraph\"}, {\"text\": \"Lightweight, breathable shirts (long-sleeve for sun protection)\", \"type\": \"paragraph\"}, {\"text\": \"Shorts or convertible pants\", \"type\": \"paragraph\"}, {\"text\": \"Fleece or warm jacket for early mornings\", \"type\": \"paragraph\"}, {\"text\": \"Wide-brimmed hat with chin strap\", \"type\": \"paragraph\"}, {\"text\": \"Comfortable, closed-toe walking shoes\", \"type\": \"paragraph\"}, {\"text\": \"Sandals for lodge evenings\", \"type\": \"paragraph\"}, {\"text\": \"Undergarments and socks (quick-dry material)\", \"type\": \"paragraph\"}, {\"text\": \"Swimwear (many lodges have pools)\", \"type\": \"paragraph\"}, {\"text\": \"Lightweight, breathable shirts (long-sleeve for sun protection)\", \"type\": \"paragraph\"}, {\"text\": \"Shorts or convertible pants\", \"type\": \"paragraph\"}, {\"text\": \"Fleece or warm jacket for early mornings\", \"type\": \"paragraph\"}, {\"text\": \"Wide-brimmed hat with chin strap\", \"type\": \"paragraph\"}, {\"text\": \"Comfortable, closed-toe walking shoes\", \"type\": \"paragraph\"}, {\"text\": \"Sandals for lodge evenings\", \"type\": \"paragraph\"}, {\"text\": \"Undergarments and socks (quick-dry material)\", \"type\": \"paragraph\"}, {\"text\": \"Swimwear (many lodges have pools)\", \"type\": \"paragraph\"}, {\"text\": \"Lightweight rain jacket (if traveling Nov–May)\", \"type\": \"paragraph\"}, {\"text\": \"Malaria prophylaxis (consult your doctor 4–6 weeks before)\", \"type\": \"paragraph\"}, {\"text\": \"Broad-spectrum sunscreen (SPF 50+)\", \"type\": \"paragraph\"}, {\"text\": \"Insect repellent with DEET (40%+)\", \"type\": \"paragraph\"}, {\"text\": \"Personal prescription medications (in original containers)\", \"type\": \"paragraph\"}, {\"text\": \"Basic first-aid kit (bandages, antiseptic, pain relievers)\", \"type\": \"paragraph\"}, {\"text\": \"Hand sanitizer\", \"type\": \"paragraph\"}, {\"text\": \"Anti-diarrheal medication (Imodium)\", \"type\": \"paragraph\"}, {\"text\": \"Rehydration salts\", \"type\": \"paragraph\"}, {\"text\": \"Valid passport (6+ months validity)\", \"type\": \"paragraph\"}, {\"text\": \"Tanzania eVisa (printed copy)\", \"type\": \"paragraph\"}, {\"text\": \"Travel insurance documents (including evacuation cover)\", \"type\": \"paragraph\"}, {\"text\": \"Vaccination certificates (Yellow Fever if required)\", \"type\": \"paragraph\"}, {\"text\": \"Flight itineraries and safari booking confirmations\", \"type\": \"paragraph\"}, {\"text\": \"Credit/debit cards (Visa is most widely accepted)\", \"type\": \"paragraph\"}, {\"text\": \"USD cash for tips ($1 bills are useful)\", \"type\": \"paragraph\"}, {\"text\": \"Photocopies of all important documents\", \"type\": \"paragraph\"}, {\"text\": \"DSLR/mirrorless camera with telephoto lens (100–400mm minimum)\", \"type\": \"paragraph\"}, {\"text\": \"Extra memory cards and batteries\", \"type\": \"paragraph\"}, {\"text\": \"Bean bag for vehicle window stabilization\", \"type\": \"paragraph\"}, {\"text\": \"Binoculars (8x42 or 10x42 recommended)\", \"type\": \"paragraph\"}, {\"text\": \"Universal power adapter (UK-style 3-pin plugs)\", \"type\": \"paragraph\"}, {\"text\": \"Portable power bank\", \"type\": \"paragraph\"}, {\"text\": \"Headlamp with red-light mode\", \"type\": \"paragraph\"}, {\"text\": \"Reusable water bottle\", \"type\": \"paragraph\"}, {\"text\": \"Sunglasses with UV protection\", \"type\": \"paragraph\"}, {\"text\": \"Quick-dry microfiber towel\", \"type\": \"paragraph\"}, {\"text\": \"Ziplock bags (for protecting electronics from dust)\", \"type\": \"paragraph\"}, {\"text\": \"Small daypack for game drives\", \"type\": \"paragraph\"}]',NULL,'published','Complete packing checklist for your Tanzania safari. Clothing, gear, documents, and health essentials.','[\"Lightweight, breathable shirts (long-sleeve for sun protection)\", \"Shorts or convertible pants\", \"Fleece or warm jacket for early mornings\", \"Wide-brimmed hat with chin strap\", \"Comfortable, closed-toe walking shoes\", \"Sandals for lodge evenings\", \"Undergarments and socks (quick-dry material)\", \"Swimwear (many lodges have pools)\", \"Lightweight rain jacket (if traveling Nov–May)\", \"Malaria prophylaxis (consult your doctor 4–6 weeks before)\", \"Broad-spectrum sunscreen (SPF 50+)\", \"Insect repellent with DEET (40%+)\", \"Personal prescription medications (in original containers)\", \"Basic first-aid kit (bandages, antiseptic, pain relievers)\", \"Hand sanitizer\", \"Anti-diarrheal medication (Imodium)\", \"Rehydration salts\", \"Valid passport (6+ months validity)\", \"Tanzania eVisa (printed copy)\", \"Travel insurance documents (including evacuation cover)\", \"Vaccination certificates (Yellow Fever if required)\", \"Flight itineraries and safari booking confirmations\", \"Credit/debit cards (Visa is most widely accepted)\", \"USD cash for tips ($1 bills are useful)\", \"Photocopies of all important documents\", \"DSLR/mirrorless camera with telephoto lens (100–400mm minimum)\", \"Extra memory cards and batteries\", \"Bean bag for vehicle window stabilization\", \"Binoculars (8x42 or 10x42 recommended)\", \"Universal power adapter (UK-style 3-pin plugs)\", \"Portable power bank\", \"Headlamp with red-light mode\", \"Reusable water bottle\", \"Sunglasses with UV protection\", \"Quick-dry microfiber towel\", \"Ziplock bags (for protecting electronics from dust)\", \"Small daypack for game drives\"]','Safari Packing Guide: Complete Checklist for Tanzania','Complete safari packing checklist for Tanzania. Clothing, gear, documents, health essentials, and photography equipment.','2026-04-03 19:51:46','2026-04-04 04:11:27'),(30,'best-time-to-visit-tanzania','Best Time to Visit Tanzania: Month-by-Month Safari Calendar','Before You Go','comprehensive',NULL,'12 min','2026-02-15',NULL,1,'[\"Dry vs. Green Season\", \"Monthly Wildlife Calendar\", \"Pricing & Crowds\", \"Our Recommendation\"]','[{\"body\": \"Tanzania\'s Two Seasons\", \"type\": \"heading\", \"level\": 2}, {\"body\": \"Tanzania has two main seasons: the Dry Season (June–October) and the Green Season (November–May).\", \"type\": \"text\"}, {\"body\": \"Dry Season (June–October)\", \"type\": \"heading\", \"level\": 2}, {\"body\": \"Wildlife congregates around rivers and waterholes, making sightings predictable and spectacular. Skies are clear, roads are passable, and mosquito numbers are lower.\", \"type\": \"text\"}, {\"body\": \"Peak wildlife: July–October (Great Migration river crossings). Weather: Sunny, 20–30°C. Crowds: Highest in July, August. Pricing: Premium rates (20–40% higher).\", \"type\": \"text\"}, {\"body\": \"Green Season (November–May)\", \"type\": \"heading\", \"level\": 2}, {\"body\": \"The savanna transforms into a lush, emerald paradise. Birding is at its peak, newborn animals are everywhere. Short rains (Nov–Dec) bring brief afternoon showers. Long rains (Mar–May) can make some roads impassable.\", \"type\": \"text\"}, {\"body\": \"Peak wildlife: January–March (calving season). Weather: Warm, humid, 25–35°C. Crowds: Lowest in April–May. Pricing: Significant discounts (20–50% off).\", \"type\": \"text\"}, {\"body\": \"Our Recommendation\", \"type\": \"heading\", \"level\": 2}, {\"body\": \"For Great Migration: July–October. For budget travelers: April–June. For calving season: January–February. For balance of weather and price: June or November.\", \"type\": \"text\"}]',NULL,'published','Detailed monthly breakdown of Tanzania\'s safari seasons, wildlife events, weather patterns, and pricing.',NULL,'Best Time to Visit Tanzania: Monthly Safari Calendar','When to visit Tanzania for safaris. Monthly breakdown of wildlife, weather, pricing, and crowds.','2026-04-03 19:51:46','2026-04-03 19:51:46'),(31,'health-vaccinations-tanzania','Health & Vaccinations: Essential Guide for Tanzania Travel','Before You Go','standard',NULL,'10 min','2026-01-20',NULL,1,'[\"Required Vaccinations\", \"Recommended Vaccinations\", \"Malaria Prevention\", \"Travel Insurance\", \"Food & Water Safety\"]','[{\"body\": \"Required Vaccinations\", \"type\": \"heading\", \"level\": 2}, {\"body\": \"Yellow Fever vaccination is required if arriving from a country with risk. We recommend it for all travelers for lifelong protection.\", \"type\": \"text\"}, {\"body\": \"Recommended Vaccinations\", \"type\": \"heading\", \"level\": 2}, {\"body\": \"Hepatitis A, Hepatitis B, Typhoid, Tetanus-Diphtheria (booster every 10 years), Rabies (for long stays or remote travel). Consult your travel health clinic 4–6 weeks before departure.\", \"type\": \"text\"}, {\"body\": \"Malaria Prevention\", \"type\": \"heading\", \"level\": 2}, {\"body\": \"Prophylaxis: Malarone, Doxycycline, or Mefloquine. Insect repellent with DEET 40%+. Permethrin-treated clothing. Mosquito nets provided at all lodges.\", \"type\": \"text\"}, {\"body\": \"Travel Insurance\", \"type\": \"heading\", \"level\": 2}, {\"body\": \"Must cover: Emergency medical evacuation ($500,000+), hospital treatment, repatriation, trip cancellation. AMREF Flying Doctors included in safari packages.\", \"type\": \"text\"}, {\"body\": \"Food & Water Safety\", \"type\": \"heading\", \"level\": 2}, {\"body\": \"Drink only bottled or filtered water. All lodges provide safe drinking water. Eat well-cooked food and peel fruits yourself.\", \"type\": \"text\"}]',NULL,'published','Complete health guide: required vaccinations, malaria prevention, travel insurance, and medical preparedness.',NULL,'Health & Vaccinations Guide for Tanzania Travel','Complete health guide for Tanzania: vaccinations, malaria prevention, travel insurance, and medical preparedness.','2026-04-03 19:51:46','2026-04-03 19:51:46'),(32,'money-currency-tipping-tanzania','Money, Currency & Tipping on Safari: A Complete Guide','On Safari','standard',NULL,'6 min','2026-02-10',NULL,0,'[\"Tanzanian Currency\", \"USD Requirements\", \"ATMs & Cards\", \"Tipping Guidelines\", \"Budgeting for Extras\"]','[{\"body\": \"Currency in Tanzania\", \"type\": \"heading\", \"level\": 2}, {\"body\": \"Official currency is Tanzanian Shilling (TZS). USD is widely accepted in tourism. Exchange rate: $1 USD ≈ 2,500–2,600 TZS.\", \"type\": \"text\"}, {\"body\": \"USD Requirements\", \"type\": \"heading\", \"level\": 2}, {\"body\": \"Tanzania requires USD bills printed in 2009 or later. Bills should be crisp and unmarked. Bring $1 bills for small tips, $5–$20 for larger tips and souvenirs.\", \"type\": \"text\"}, {\"body\": \"ATMs & Credit Cards\", \"type\": \"heading\", \"level\": 2}, {\"body\": \"ATMs available in Arusha and Dar es Salaam. Visa more widely accepted than Mastercard. Credit cards accepted at larger lodges but not remote camps.\", \"type\": \"text\"}, {\"body\": \"Tipping Guidelines\", \"type\": \"heading\", \"level\": 2}, {\"body\": \"Safari Guide: $35/day per vehicle (private) or $20–25/person/day (group). Camp Staff: $5–10/day (tip box). Porters: $10–15/day. Restaurant: 10% if service charge not included.\", \"type\": \"text\"}]',NULL,'published','Everything about money in Tanzania: currency, ATMs, credit cards, tipping guidelines, and budgeting.',NULL,'Money, Currency & Tipping Guide for Tanzania Safari','Complete guide to money in Tanzania: currency, ATMs, credit cards, tipping safari guides, and budgeting.','2026-04-03 19:51:46','2026-04-03 19:51:46'),(33,'swahili-phrases-safari-travelers','Essential Swahili Phrases for Safari Travelers','People & Culture','interactive',NULL,'5 min','2026-01-05',NULL,0,'[\"Greetings & Gratitude\", \"Wildlife Vocabulary\", \"Useful Phrases\", \"Cultural Notes\"]','[{\"body\": \"Essential Greetings\", \"type\": \"heading\", \"level\": 2}, {\"body\": \"Jambo! — Hello! | Habari? — How are you? | Nzuri — Good/Fine | Asante — Thank you | Asante sana — Thank you very much | Karibu — You\'re welcome | Kwaheri — Goodbye | Lala salama — Sleep well\", \"type\": \"text\"}, {\"body\": \"On Safari\", \"type\": \"heading\", \"level\": 2}, {\"body\": \"Simba! — Lion! | Chui — Leopard | Tembo — Elephant | Kifaru — Rhinoceros | Nyati — Buffalo | Twiga — Giraffe | Punda milia — Zebra | Nyoka — Snake | Ndege — Bird/Airplane\", \"type\": \"text\"}, {\"body\": \"Useful Phrases\", \"type\": \"heading\", \"level\": 2}, {\"body\": \"Ndiyo — Yes | Hapana — No | Tafadhali — Please | Pole pole — Slowly, slowly | Haraka haraka — Quickly, quickly | Hakuna matata — No worries | Safari njema — Good journey\", \"type\": \"text\"}, {\"body\": \"Cultural Tip\", \"type\": \"heading\", \"level\": 2}, {\"body\": \"In Maasai culture, the traditional greeting is \\\"Kasserian Ingera?\\\" (And how are the children?). Response: \\\"All the children are well.\\\"\", \"type\": \"text\"}]',NULL,'published','Learn essential Swahili phrases for your Tanzania safari. Greetings, wildlife vocabulary, and cultural tips.',NULL,'Essential Swahili Phrases for Safari Travelers','Learn essential Swahili phrases for your Tanzania safari. Greetings, wildlife vocabulary, and cultural tips.','2026-04-03 19:51:46','2026-04-03 19:51:46'),(34,'photography-on-safari-complete-guide','Wildlife Photography Masterclass: Complete Safari Photography Guide','Specialist Guides','comprehensive',NULL,'15 min','2026-03-05',NULL,1,'[\"Camera & Lens Selection\", \"Essential Settings\", \"Composition Techniques\", \"Ethics & Safety\", \"Post-Processing\"]','[{\"body\": \"Gear Selection\", \"type\": \"heading\", \"level\": 2}, {\"body\": \"Camera: Canon EOS R6 II, Sony A7 IV, Nikon Z8, or OM System OM-1 (2x crop factor). Lenses: 100–400mm or 150–600mm for wildlife. 24–70mm f/2.8 for landscapes. 70–200mm f/2.8 for low-light predators.\", \"type\": \"text\"}, {\"body\": \"Essential Settings\", \"type\": \"heading\", \"level\": 2}, {\"body\": \"Shutter: 1/1000s minimum for moving subjects. Aperture: f/5.6–f/8 for wildlife. ISO: Auto, max 3200 (full-frame) or 6400 (APS-C). Autofocus: AI Servo/AF-C with animal eye detection. Drive: High-speed continuous, 5–10 frame bursts.\", \"type\": \"text\"}, {\"body\": \"Composition Techniques\", \"type\": \"heading\", \"level\": 2}, {\"body\": \"Eye Level: Get down to the animal\'s eye level. Rule of Thirds: Place subject\'s eye on intersection point. Environmental Context: Include landscape to tell the story. Golden Hour: First and last 90 minutes of daylight.\", \"type\": \"text\"}, {\"body\": \"Ethics & Safety\", \"type\": \"heading\", \"level\": 2}, {\"body\": \"Never pressure your guide to approach wildlife. Minimum 20m from most wildlife, 50m from predators. No call playback—it disrupts natural behavior and is banned in many parks.\", \"type\": \"text\"}, {\"body\": \"Post-Processing\", \"type\": \"heading\", \"level\": 2}, {\"body\": \"Shoot RAW. Import to Lightroom or Capture One. Adjust exposure (+0.3 to +0.7), contrast (+10–20), highlight recovery (-30 to -50), shadow lift (+20–40). Crop to strengthen composition. Export JPEG at 85–90% for web.\", \"type\": \"text\"}]',NULL,'published','Master wildlife photography on safari. Camera settings, lens selection, composition, ethics, and post-processing.',NULL,'Wildlife Photography Masterclass: Complete Safari Guide','Master wildlife photography on safari. Camera settings, composition, ethics, and post-processing from professionals.','2026-04-03 19:51:46','2026-04-03 19:51:46'),(35,'safari-vehicles-accommodation-comparison','Safari Vehicles & Accommodation: Understanding Your Options','Planning','comparison',NULL,'10 min','2026-02-25',NULL,0,'[\"Safari Vehicle Types\", \"Accommodation Tiers\", \"What\'s Included\", \"Choosing the Right Tier\"]','[{\"body\": \"Safari Vehicles\", \"type\": \"heading\", \"level\": 2}, {\"body\": \"Standard 4x4 Land Cruiser: Toyota 70-series, pop-up roof, seats 6–7. Extended 4x4 Land Cruiser: Extended wheelbase, guaranteed window seat, enhanced suspension, charging ports. Modified Safari Van: Converted HiAce, budget option, not recommended for rough roads.\", \"type\": \"text\"}, {\"body\": \"Accommodation Tiers\", \"type\": \"heading\", \"level\": 2}, {\"body\": \"Budget Camping ($800–1,500/day): Mobile dome tents, shared facilities, campfire meals. Mid-Range Lodges ($300–600/day): En-suite bathrooms, hot water, pools, restaurant dining. Premium Tented Camps ($600–1,200/day): Luxury canvas tents, flush toilets, gourmet dining, private concessions. Ultra-Luxury ($1,200–2,500+/day): Private villas, plunge pools, spa treatments, helicopter transfers.\", \"type\": \"text\"}, {\"body\": \"What\'s Included?\", \"type\": \"heading\", \"level\": 2}, {\"body\": \"Included: accommodation, meals (FB/HB), game drives, park fees, guide, drinking water. Not included: international flights, visas, insurance, tips, premium alcohol, laundry, optional activities.\", \"type\": \"text\"}, {\"body\": \"Choosing the Right Tier\", \"type\": \"heading\", \"level\": 2}, {\"body\": \"For 3–4 days: mid-range lodges offer best value. For 7+ days: mix tiers (2 nights mid-range, 3 nights premium in Serengeti, 1 night mid-range return).\", \"type\": \"text\"}]',NULL,'published','Compare safari vehicle types, accommodation tiers, and understand what you\'re paying for at each level.',NULL,'Safari Vehicles & Accommodation: Complete Comparison Guide','Compare safari vehicles, accommodation tiers, and understand pricing. From budget camping to ultra-luxury.','2026-04-03 19:51:46','2026-04-03 19:51:46');
/*!40000 ALTER TABLE `travel_guides` ENABLE KEYS */;
UNLOCK TABLES;

--
-- Table structure for table `users`
--

DROP TABLE IF EXISTS `users`;
/*!40101 SET @saved_cs_client     = @@character_set_client */;
/*!50503 SET character_set_client = utf8mb4 */;
CREATE TABLE `users` (
  `id` bigint unsigned NOT NULL AUTO_INCREMENT,
  `name` varchar(255) COLLATE utf8mb4_unicode_ci NOT NULL,
  `email` varchar(255) COLLATE utf8mb4_unicode_ci NOT NULL,
  `role` varchar(255) COLLATE utf8mb4_unicode_ci NOT NULL DEFAULT 'content-editor',
  `email_verified_at` timestamp NULL DEFAULT NULL,
  `password` varchar(255) COLLATE utf8mb4_unicode_ci NOT NULL,
  `remember_token` varchar(100) COLLATE utf8mb4_unicode_ci DEFAULT NULL,
  `created_at` timestamp NULL DEFAULT NULL,
  `updated_at` timestamp NULL DEFAULT NULL,
  PRIMARY KEY (`id`),
  UNIQUE KEY `users_email_unique` (`email`)
) ENGINE=InnoDB AUTO_INCREMENT=3 DEFAULT CHARSET=utf8mb4 COLLATE=utf8mb4_unicode_ci;
/*!40101 SET character_set_client = @saved_cs_client */;

--
-- Dumping data for table `users`
--

LOCK TABLES `users` WRITE;
/*!40000 ALTER TABLE `users` DISABLE KEYS */;
INSERT INTO `users` VALUES (1,'Ronjoo Admin','admin@ronjoo.com','super-admin',NULL,'$2y$12$rXato8dGgwZXI1j3PilxbeUxumzaTMRZDFAH2tCfFmHSwRcwe0vCi',NULL,'2026-04-03 18:02:16','2026-04-03 19:51:45'),(2,'Content Editor','editor@ronjoo.com','content-editor',NULL,'$2y$12$GwplH08XOKUHnTmiQs3.pO6G.AECV.YjxqTpW/eytRYt7W3Y8KlUe',NULL,'2026-04-03 18:02:16','2026-04-03 19:51:45');
/*!40000 ALTER TABLE `users` ENABLE KEYS */;
UNLOCK TABLES;

--
-- Table structure for table `waitlists`
--

DROP TABLE IF EXISTS `waitlists`;
/*!40101 SET @saved_cs_client     = @@character_set_client */;
/*!50503 SET character_set_client = utf8mb4 */;
CREATE TABLE `waitlists` (
  `id` bigint unsigned NOT NULL AUTO_INCREMENT,
  `guest_name` varchar(255) COLLATE utf8mb4_unicode_ci NOT NULL,
  `email` varchar(255) COLLATE utf8mb4_unicode_ci NOT NULL,
  `phone` varchar(255) COLLATE utf8mb4_unicode_ci DEFAULT NULL,
  `departure_id` bigint unsigned NOT NULL,
  `pax` int NOT NULL DEFAULT '1',
  `notes` text COLLATE utf8mb4_unicode_ci,
  `status` varchar(255) COLLATE utf8mb4_unicode_ci NOT NULL DEFAULT 'waiting',
  `created_at` timestamp NULL DEFAULT NULL,
  `updated_at` timestamp NULL DEFAULT NULL,
  PRIMARY KEY (`id`),
  KEY `waitlists_departure_id_foreign` (`departure_id`),
  CONSTRAINT `waitlists_departure_id_foreign` FOREIGN KEY (`departure_id`) REFERENCES `departures` (`id`) ON DELETE CASCADE
) ENGINE=InnoDB DEFAULT CHARSET=utf8mb4 COLLATE=utf8mb4_unicode_ci;
/*!40101 SET character_set_client = @saved_cs_client */;

--
-- Dumping data for table `waitlists`
--

LOCK TABLES `waitlists` WRITE;
/*!40000 ALTER TABLE `waitlists` DISABLE KEYS */;
/*!40000 ALTER TABLE `waitlists` ENABLE KEYS */;
UNLOCK TABLES;

--
-- Table structure for table `wildlife`
--

DROP TABLE IF EXISTS `wildlife`;
/*!40101 SET @saved_cs_client     = @@character_set_client */;
/*!50503 SET character_set_client = utf8mb4 */;
CREATE TABLE `wildlife` (
  `id` bigint unsigned NOT NULL AUTO_INCREMENT,
  `name` varchar(255) COLLATE utf8mb4_unicode_ci NOT NULL,
  `slug` varchar(255) COLLATE utf8mb4_unicode_ci NOT NULL,
  `category` varchar(255) COLLATE utf8mb4_unicode_ci DEFAULT NULL,
  `image` varchar(255) COLLATE utf8mb4_unicode_ci DEFAULT NULL,
  `fact` text COLLATE utf8mb4_unicode_ci,
  `description` text COLLATE utf8mb4_unicode_ci,
  `conservation_status` varchar(255) COLLATE utf8mb4_unicode_ci DEFAULT NULL,
  `created_at` timestamp NULL DEFAULT NULL,
  `updated_at` timestamp NULL DEFAULT NULL,
  PRIMARY KEY (`id`),
  UNIQUE KEY `wildlife_name_unique` (`name`),
  UNIQUE KEY `wildlife_slug_unique` (`slug`)
) ENGINE=InnoDB AUTO_INCREMENT=26 DEFAULT CHARSET=utf8mb4 COLLATE=utf8mb4_unicode_ci;
/*!40101 SET character_set_client = @saved_cs_client */;

--
-- Dumping data for table `wildlife`
--

LOCK TABLES `wildlife` WRITE;
/*!40000 ALTER TABLE `wildlife` DISABLE KEYS */;
INSERT INTO `wildlife` VALUES (1,'Lion','lion','Big Five','https://images.unsplash.com/photo-1614027164847-1b28cfe1df60?w=640&q=80','The crater hosts a dense population of large-maned lions who are famously unperturbed by vehicles.',NULL,NULL,'2026-04-07 08:27:20','2026-04-07 08:27:20'),(2,'Leopard','leopard','Big Five','https://images.unsplash.com/photo-1575550959106-5a7defe28b56?w=640&q=80','Masters of disguise, they are often found in the larger trees along the Tarangire River.',NULL,NULL,'2026-04-07 08:27:20','2026-04-07 08:27:20'),(3,'Cheetah','cheetah','Predator','https://images.unsplash.com/photo-1534149043227-d4677db02787?w=640&q=80','The open plains provide the perfect high-speed hunting grounds for these cats.',NULL,NULL,'2026-04-07 08:27:20','2026-04-07 08:27:20'),(4,'Elephant','elephant','Big Five','https://images.unsplash.com/photo-1557050543-4d5f4e07ef46?w=640&q=80','The park supports a healthy population of elephants that move frequently between the forest and the lake.',NULL,NULL,'2026-04-07 08:27:20','2026-04-07 08:27:20'),(5,'Black Rhino','black-rhino','Big Five','https://images.unsplash.com/photo-1598894000396-bc30e0996899?w=640&q=80','One of the few places in East Africa where black rhino can be reliably spotted in the wild.',NULL,NULL,'2026-04-07 08:27:20','2026-04-07 08:27:20'),(6,'Hippo','hippo','Herbivore','https://images.unsplash.com/photo-1534149043227-d4677db02787?w=640&q=80','The Rufiji River is home to massive pods of hippos, which are best seen from a boat safari.',NULL,NULL,'2026-04-07 08:27:20','2026-04-07 08:27:20'),(7,'Flamingo','flamingo','Bird','https://images.unsplash.com/photo-1598894000396-bc30e0996899?w=640&q=80','Thousands of flamingos gather at the Momella Lakes, creating a pink haze on the water.',NULL,NULL,'2026-04-07 08:27:20','2026-04-07 08:27:20'),(8,'African Elephant','african-elephant','Big Five','https://images.unsplash.com/photo-1549366021-9f761d450615?w=640&q=80','Tarangire has one of the highest elephant densities in Africa, herds of 300+ are common in the dry season.',NULL,NULL,'2026-04-07 08:27:20','2026-04-07 08:27:20'),(9,'Oryx','oryx','Herbivore','https://images.unsplash.com/photo-1534149043227-d4677db02787?w=640&q=80','The fringe-eared oryx is one of the more elusive and beautiful inhabitants of the drier sectors.',NULL,NULL,'2026-04-07 08:27:20','2026-04-07 08:27:20'),(10,'Giraffe','giraffe','Herbivore','https://images.unsplash.com/photo-1557050543-4d5f4e07ef46?w=640&q=80','The park has an incredibly high density of Maasai giraffes, often seen grazing against the backdrop of Mt. Meru.',NULL,NULL,'2026-04-07 08:27:20','2026-04-07 08:27:20'),(11,'Colobus Monkey','colobus-monkey','Primate','https://images.unsplash.com/photo-1555524330-9ec8058309ec?w=640&q=80','Famous for their spectacular white tails and their preference for high-canopy mountain forests.',NULL,NULL,'2026-04-07 08:27:20','2026-04-07 08:27:20'),(12,'Blue Monkey','blue-monkey','Primate','https://images.unsplash.com/photo-1546272989-40c92939c6c2?w=640&q=80','Playful and vocal inhabitants of the park\'s dense montane forests.',NULL,NULL,'2026-04-07 08:27:20','2026-04-07 08:27:20'),(13,'Buffalo','buffalo','Big Five','https://images.unsplash.com/photo-1549366021-9f761d450615?w=640&q=80','Massive herds congregate near the Mkata riverbed during the dry season.',NULL,NULL,'2026-04-07 08:27:20','2026-04-07 08:27:20'),(14,'Baboon','baboon','Primate','https://images.unsplash.com/photo-1546272989-40c92939c6c2?w=640&q=80','Manyara is home to some of the largest baboon troops seen in Africa.',NULL,NULL,'2026-04-07 08:27:20','2026-04-07 08:27:20'),(15,'Four-striped Mouse','four-striped-mouse','Herbivore','https://images.unsplash.com/photo-1535338454528-1b5a4f159e53?w=640&q=80','A resilient inhabitant of the higher alpine moorland zones.',NULL,NULL,'2026-04-07 08:27:20','2026-04-07 08:27:20'),(16,'Malachite Sunbird','malachite-sunbird','Bird','https://images.unsplash.com/photo-1516426122078-c23e76319801?w=640&q=80','Often seen feeding on the nectar of giant lobelias in the moorland zone.',NULL,NULL,'2026-04-07 08:27:20','2026-04-07 08:27:20'),(17,'Wild Dog','wild-dog','Predator','https://images.unsplash.com/photo-1575550959106-5a7defe28b56?w=640&q=80','Nyerere is one of the best places in the world to see the highly endangered and social African wild dog.',NULL,NULL,'2026-04-07 08:27:20','2026-04-07 08:27:20'),(18,'Greater Kudu','greater-kudu','Herbivore','https://images.unsplash.com/photo-1549366021-9f761d450615?w=640&q=80','The park\'s emblem, these elegant antelopes are frequently seen in the bush lands.',NULL,NULL,'2026-04-07 08:27:20','2026-04-07 08:27:20'),(19,'Crocodile','crocodile','Predator','https://images.unsplash.com/photo-1516298773066-c48f8e9a4842?w=640&q=80','Huge Nile crocodiles bask along the riverbanks and can be seen in the various lakes.',NULL,NULL,'2026-04-07 08:27:20','2026-04-07 08:27:20'),(20,'Red Colobus Monkey','red-colobus-monkey','Primate','https://images.unsplash.com/photo-1555524330-9ec8058309ec?w=640&q=80','Endemic to Zanzibar, these playful monkeys are best seen in the Jozani Chwaka Bay National Park.',NULL,NULL,'2026-04-07 08:27:20','2026-04-07 08:27:20'),(21,'Dolphin','dolphin','Marine','https://images.unsplash.com/photo-1590523277543-a94d2e4eb00b?w=640&q=80','Frequently seen in effectively protected areas like the Menai Bay Conservation Area.',NULL,NULL,'2026-04-07 08:27:20','2026-04-07 08:27:20'),(22,'Turtles','turtles','Marine','https://images.unsplash.com/photo-1586861635167-e5223aadc9fe?w=640&q=80','Green sea turtles nest on several of the archipelago\'s remote beaches and satellite islands.',NULL,NULL,'2026-04-07 08:27:20','2026-04-07 08:27:20'),(23,'Giant Aldabra Tortoise','giant-aldabra-tortoise','Marine','https://images.unsplash.com/photo-1590523277543-a94d2e4eb00b?w=640&q=80','A protected population can be visited on Prison Island, some individuals are over 150 years old.',NULL,NULL,'2026-04-07 08:27:20','2026-04-07 08:27:20'),(24,'Suni Antelope','suni-antelope','Herbivore','https://images.unsplash.com/photo-1546272989-40c92939c6c2?w=640&q=80','One of the smallest antelopes in the world, found in the island\'s dry forests and thickets.',NULL,NULL,'2026-04-07 08:27:20','2026-04-07 08:27:20'),(25,'Eland','eland','Herbivore','https://images.unsplash.com/photo-1546272989-40c92939c6c2?w=640&q=80','The largest antelope in Africa is frequently seen in the park\'s more open areas.',NULL,NULL,'2026-04-07 08:27:20','2026-04-07 08:27:20');
/*!40000 ALTER TABLE `wildlife` ENABLE KEYS */;
UNLOCK TABLES;
SET @@SESSION.SQL_LOG_BIN = @MYSQLDUMP_TEMP_LOG_BIN;
/*!40103 SET TIME_ZONE=@OLD_TIME_ZONE */;

/*!40101 SET SQL_MODE=@OLD_SQL_MODE */;
/*!40014 SET FOREIGN_KEY_CHECKS=@OLD_FOREIGN_KEY_CHECKS */;
/*!40014 SET UNIQUE_CHECKS=@OLD_UNIQUE_CHECKS */;
/*!40101 SET CHARACTER_SET_CLIENT=@OLD_CHARACTER_SET_CLIENT */;
/*!40101 SET CHARACTER_SET_RESULTS=@OLD_CHARACTER_SET_RESULTS */;
/*!40101 SET COLLATION_CONNECTION=@OLD_COLLATION_CONNECTION */;
/*!40111 SET SQL_NOTES=@OLD_SQL_NOTES */;

-- Dump completed on 2026-04-10 11:20:06
